{"Diff": 0.13393111554742407, "Points": 0.0, "Pred_points": -0.13393111554742407, "full_name": "Brandon Myers"}
{"Diff": 0.3633952513410696, "Points": 0.0, "Pred_points": -0.3633952513410696, "full_name": "Dante Rosario"}
{"Diff": 0.37364092402382054, "Points": 0.0, "Pred_points": -0.37364092402382054, "full_name": "Ed Dickson"}
{"Diff": 0.41598646542042017, "Points": 1.9, "Pred_points": 2.31598646542042, "full_name": "Rhett Ellison"}
{"Diff": 0.4601911114979795, "Points": 0.0, "Pred_points": -0.4601911114979795, "full_name": "Brent Celek"}
{"Diff": 0.46042389283343077, "Points": 0.0, "Pred_points": -0.46042389283343077, "full_name": "Trey Burton"}
{"Diff": 0.4618860881273133, "Points": 0.0, "Pred_points": -0.4618860881273133, "full_name": "James Casey"}
{"Diff": 0.538031718887285, "Points": 0.8, "Pred_points": 1.338031718887285, "full_name": "Logan Paulsen"}
{"Diff": 0.5720167431782972, "Points": 9.1, "Pred_points": 9.672016743178297, "full_name": "Rob Gronkowski"}
{"Diff": 0.6396481813751476, "Points": 0.7, "Pred_points": 1.3396481813751475, "full_name": "Jack Doyle"}
{"Diff": 0.6714223109585413, "Points": 0.0, "Pred_points": -0.6714223109585413, "full_name": "C.J. Fiedorowicz"}
{"Diff": 0.6864013574471401, "Points": 1.7, "Pred_points": 2.38640135744714, "full_name": "Chase Ford"}
{"Diff": 0.7596480889118513, "Points": 1.5, "Pred_points": 0.7403519110881487, "full_name": "Adrien Robinson"}
{"Diff": 1.1031417763129068, "Points": 0.7, "Pred_points": -0.4031417763129069, "full_name": "Benjamin Watson"}
{"Diff": 1.264339437101599, "Points": 3.2, "Pred_points": 4.464339437101599, "full_name": "Charles Clay"}
{"Diff": 1.6576524016714824, "Points": 0.0, "Pred_points": 1.6576524016714824, "full_name": "Anthony Fasano"}
{"Diff": 1.7544136117528548, "Points": 1.2, "Pred_points": -0.5544136117528549, "full_name": "Levine Toilolo"}
{"Diff": 1.7943191153868847, "Points": 5.2, "Pred_points": 6.994319115386885, "full_name": "Richard Rodgers"}
{"Diff": 2.3153451593878307, "Points": 0.0, "Pred_points": 2.3153451593878307, "full_name": "MarQueis Gray"}
{"Diff": 2.325652640769402, "Points": 0.0, "Pred_points": -2.325652640769402, "full_name": "Jeff Cumberland"}
{"Diff": 2.372762222844061, "Points": 0.0, "Pred_points": -2.372762222844061, "full_name": "Zach Sudfeld"}
{"Diff": 2.375915146576899, "Points": 1.0, "Pred_points": -1.3759151465768993, "full_name": "Mychal Rivera"}
{"Diff": 2.424641730793091, "Points": 9.4, "Pred_points": 6.975358269206909, "full_name": "Eric Ebron"}
{"Diff": 2.609268941538452, "Points": 4.3, "Pred_points": 6.909268941538452, "full_name": "Owen Daniels"}
{"Diff": 2.6507818577292896, "Points": 2.3, "Pred_points": -0.3507818577292899, "full_name": "Zach Ertz"}
{"Diff": 2.6673105135353294, "Points": 0.0, "Pred_points": 2.6673105135353294, "full_name": "John Phillips"}
{"Diff": 2.9235699154840993, "Points": 1.4, "Pred_points": -1.5235699154840994, "full_name": "David Ausberry"}
{"Diff": 2.9782505198729172, "Points": 12.6, "Pred_points": 9.621749480127082, "full_name": "Jimmy Graham"}
{"Diff": 3.109699381537526, "Points": 14.4, "Pred_points": 11.290300618462474, "full_name": "Delanie Walker"}
{"Diff": 3.4411098839934975, "Points": 2.8, "Pred_points": -0.6411098839934976, "full_name": "Garrett Graham"}
{"Diff": 3.5081163562565485, "Points": 0.6, "Pred_points": 4.108116356256549, "full_name": "Gavin Escobar"}
{"Diff": 3.6316833763820675, "Points": 6.1, "Pred_points": 9.731683376382067, "full_name": "Jason Witten"}
{"Diff": 4.1073344211095195, "Points": 0.0, "Pred_points": 4.1073344211095195, "full_name": "James Hanna"}
{"Diff": 4.534561075787596, "Points": 4.4, "Pred_points": -0.13456107578759546, "full_name": "Austin Seferian-Jenkins"}
{"Diff": 4.603714033393249, "Points": 6.0, "Pred_points": 1.3962859666067509, "full_name": "Niles Paul"}
{"Diff": 5.069398000742872, "Points": 1.9, "Pred_points": 6.969398000742872, "full_name": "Brandon Pettigrew"}
{"Diff": 5.465092856310882, "Points": 3.0, "Pred_points": 8.465092856310882, "full_name": "Greg Olsen"}
{"Diff": 5.598168981026303, "Points": 13.4, "Pred_points": 7.801831018973697, "full_name": "Martellus Bennett"}
{"Diff": 5.985722430928803, "Points": 15.3, "Pred_points": 9.314277569071198, "full_name": "Travis Kelce"}
{"Diff": 6.186521725535702, "Points": 6.8, "Pred_points": 0.6134782744642979, "full_name": "Daniel Fells"}
{"Diff": 6.728790172105558, "Points": 1.5, "Pred_points": 8.228790172105558, "full_name": "Scott Chandler"}
{"Diff": 6.784441760798691, "Points": 8.6, "Pred_points": 1.8155582392013085, "full_name": "Coby Fleener"}
{"Diff": 6.955785950180503, "Points": 14.5, "Pred_points": 7.544214049819497, "full_name": "Heath Miller"}
{"Diff": 6.993153836336094, "Points": 0.0, "Pred_points": 6.993153836336094, "full_name": "Brandon Bostick"}
{"Diff": 7.069165933512947, "Points": 0.0, "Pred_points": 7.069165933512947, "full_name": "Andrew Quarless"}
{"Diff": 7.1613679633980984, "Points": 6.2, "Pred_points": -0.9613679633980986, "full_name": "Nic Jacobs"}
{"Diff": 7.601369291462655, "Points": 7.2, "Pred_points": -0.4013692914626544, "full_name": "Josh Hill"}
{"Diff": 7.780121062841193, "Points": 3.0, "Pred_points": 10.780121062841193, "full_name": "Antonio Gates"}
{"Diff": 7.829239454860207, "Points": 6.3, "Pred_points": -1.529239454860207, "full_name": "Brian Leonhardt"}
{"Diff": 7.864924222282241, "Points": 5.8, "Pred_points": -2.0649242222822415, "full_name": "Jace Amaro"}
{"Diff": 7.913644723509615, "Points": 6.9, "Pred_points": -1.013644723509614, "full_name": "Clay Harbor"}
{"Diff": 8.291080139875875, "Points": 9.8, "Pred_points": 1.508919860124125, "full_name": "Dwayne Allen"}
{"Diff": 8.318547070258118, "Points": 7.8, "Pred_points": -0.5185470702581185, "full_name": "Dion Sims"}
{"Diff": 8.94908029361405, "Points": 1.0, "Pred_points": 9.94908029361405, "full_name": "Derek Carrier"}
{"Diff": 9.305503009779834, "Points": 0.8, "Pred_points": 10.105503009779834, "full_name": "Vernon Davis"}
{"Diff": 9.945828235950271, "Points": 0.0, "Pred_points": 9.945828235950271, "full_name": "Demarcus Dobbs"}
{"Diff": 21.85400976828172, "Points": 23.4, "Pred_points": 1.5459902317182779, "full_name": "Larry Donnell"}
