{"Diff": 0.019608811563074702, "Points": 0.0, "Pred_points": -0.019608811563074702, "full_name": "Nic Jacobs"}
{"Diff": 0.19723142030797058, "Points": 0.0, "Pred_points": -0.19723142030797058, "full_name": "Demarcus Dobbs"}
{"Diff": 0.21175846456484848, "Points": 11.8, "Pred_points": 12.01175846456485, "full_name": "Charles Clay"}
{"Diff": 0.36338316264069476, "Points": 0.0, "Pred_points": -0.36338316264069476, "full_name": "Ed Dickson"}
{"Diff": 0.5069748528081103, "Points": 0.0, "Pred_points": -0.5069748528081103, "full_name": "Chase Ford"}
{"Diff": 0.6134762213003809, "Points": 0.0, "Pred_points": 0.6134762213003809, "full_name": "Chase Coffman"}
{"Diff": 0.6628708247009119, "Points": 3.4, "Pred_points": 2.737129175299088, "full_name": "Clay Harbor"}
{"Diff": 0.671435787874799, "Points": 0.0, "Pred_points": -0.671435787874799, "full_name": "Rhett Ellison"}
{"Diff": 0.6719383915731486, "Points": 0.0, "Pred_points": -0.6719383915731486, "full_name": "MarQueis Gray"}
{"Diff": 0.7345586381256697, "Points": 0.4, "Pred_points": -0.3345586381256697, "full_name": "Brian Leonhardt"}
{"Diff": 0.7616832795577884, "Points": 0.3, "Pred_points": -0.4616832795577883, "full_name": "Virgil Green"}
{"Diff": 0.9945105341149794, "Points": 4.8, "Pred_points": 3.8054894658850205, "full_name": "Jermaine Gresham"}
{"Diff": 1.0164329169331807, "Points": 1.3, "Pred_points": 2.3164329169331808, "full_name": "Crockett Gillmore"}
{"Diff": 1.0300968914430537, "Points": -0.5, "Pred_points": -1.5300968914430537, "full_name": "Dante Rosario"}
{"Diff": 1.0382037377673918, "Points": 0.9, "Pred_points": -0.13820373776739173, "full_name": "C.J. Fiedorowicz"}
{"Diff": 1.0950217883984192, "Points": 0.0, "Pred_points": -1.0950217883984192, "full_name": "Anthony Fasano"}
{"Diff": 1.120470129628268, "Points": 0.0, "Pred_points": -1.120470129628268, "full_name": "Demetrius Harris"}
{"Diff": 1.2013263803939864, "Points": 0.7, "Pred_points": -0.5013263803939864, "full_name": "Rob Housler"}
{"Diff": 1.2963672343179118, "Points": 1.1, "Pred_points": -0.19636723431791162, "full_name": "Derek Carrier"}
{"Diff": 1.3087008333974257, "Points": 2.8, "Pred_points": 4.1087008333974255, "full_name": "Brandon Pettigrew"}
{"Diff": 1.33961604623736, "Points": 0.0, "Pred_points": 1.33961604623736, "full_name": "Logan Paulsen"}
{"Diff": 1.5163495334887807, "Points": 0.9, "Pred_points": -0.6163495334887807, "full_name": "Cory Harkey"}
{"Diff": 1.5731088821548287, "Points": 2.5, "Pred_points": 4.073108882154829, "full_name": "Jared Cook"}
{"Diff": 1.5937026132130745, "Points": 1.8, "Pred_points": 0.20629738678692555, "full_name": "Mychal Rivera"}
{"Diff": 1.743194103630998, "Points": 1.9, "Pred_points": 0.1568058963690021, "full_name": "Chris Gragg"}
{"Diff": 1.9027062177209397, "Points": 3.6, "Pred_points": 1.6972937822790604, "full_name": "Scott Chandler"}
{"Diff": 2.0719992733682213, "Points": 0.9, "Pred_points": 2.9719992733682212, "full_name": "Andrew Quarless"}
{"Diff": 2.1978220580114263, "Points": 3.3, "Pred_points": 5.497822058011426, "full_name": "Travis Kelce"}
{"Diff": 2.2878416584812755, "Points": 2.1, "Pred_points": -0.18784165848127543, "full_name": "Vernon Davis"}
{"Diff": 2.3106185533321018, "Points": 2.0, "Pred_points": -0.31061855333210153, "full_name": "John Carlson"}
{"Diff": 2.3728147288809174, "Points": 2.0, "Pred_points": -0.3728147288809174, "full_name": "Levine Toilolo"}
{"Diff": 2.424747505344584, "Points": 10.5, "Pred_points": 8.075252494655416, "full_name": "Greg Olsen"}
{"Diff": 2.535358660801416, "Points": 2.4, "Pred_points": -0.13535866080141612, "full_name": "Garrett Graham"}
{"Diff": 2.5634063664464453, "Points": 2.2, "Pred_points": -0.36340636644644514, "full_name": "Brandon Williams"}
{"Diff": 2.66734849549869, "Points": 0.0, "Pred_points": 2.66734849549869, "full_name": "Gary Barnidge"}
{"Diff": 2.6725803477544336, "Points": 0.3, "Pred_points": -2.372580347754434, "full_name": "Benjamin Watson"}
{"Diff": 2.739664536949876, "Points": 0.2, "Pred_points": 2.939664536949876, "full_name": "Brandon Bostick"}
{"Diff": 2.840869092508312, "Points": 0.1, "Pred_points": 2.9408690925083123, "full_name": "Richard Rodgers"}
{"Diff": 2.9974491464564013, "Points": 2.7, "Pred_points": 5.697449146456401, "full_name": "Jason Witten"}
{"Diff": 3.0835887319887463, "Points": 2.0, "Pred_points": -1.0835887319887463, "full_name": "Jack Doyle"}
{"Diff": 3.1703975169383307, "Points": 0.8, "Pred_points": -2.3703975169383305, "full_name": "Josh Hill"}
{"Diff": 3.4970978220984623, "Points": 0.0, "Pred_points": 3.4970978220984623, "full_name": "Jimmy Graham"}
{"Diff": 3.576416466507676, "Points": 5.4, "Pred_points": 1.8235835334923245, "full_name": "Jordan Reed"}
{"Diff": 3.7026843253605106, "Points": 3.3, "Pred_points": 7.00268432536051, "full_name": "Dion Sims"}
{"Diff": 4.135586406264059, "Points": 12.1, "Pred_points": 7.964413593735941, "full_name": "Antonio Gates"}
{"Diff": 4.434076709357395, "Points": 5.8, "Pred_points": 1.3659232906426042, "full_name": "Niles Paul"}
{"Diff": 4.797187490490668, "Points": 5.8, "Pred_points": 1.0028125095093317, "full_name": "Martellus Bennett"}
{"Diff": 5.32893364438674, "Points": 2.7, "Pred_points": 8.02893364438674, "full_name": "Julius Thomas"}
{"Diff": 5.375922408170436, "Points": 5.0, "Pred_points": -0.3759224081704362, "full_name": "Larry Donnell"}
{"Diff": 5.797768168937037, "Points": 2.2, "Pred_points": 7.9977681689370375, "full_name": "Jace Amaro"}
{"Diff": 5.885446506525777, "Points": 1.7, "Pred_points": 7.585446506525777, "full_name": "Delanie Walker"}
{"Diff": 6.355786917644537, "Points": 0.0, "Pred_points": 6.355786917644537, "full_name": "Michael Palmer"}
{"Diff": 6.492564383038307, "Points": 11.8, "Pred_points": 5.307435616961694, "full_name": "Owen Daniels"}
{"Diff": 6.587516957915706, "Points": 6.1, "Pred_points": -0.487516957915706, "full_name": "John Phillips"}
{"Diff": 6.9735364606857635, "Points": 0.5, "Pred_points": 7.4735364606857635, "full_name": "Jordan Cameron"}
{"Diff": 7.399880569879246, "Points": 6.4, "Pred_points": -0.9998805698792449, "full_name": "Coby Fleener"}
{"Diff": 7.5818034773298075, "Points": 1.3, "Pred_points": 8.881803477329807, "full_name": "Heath Miller"}
{"Diff": 8.306475179184714, "Points": 7.7, "Pred_points": -0.6064751791847146, "full_name": "Lance Kendricks"}
{"Diff": 9.103004568797733, "Points": 8.7, "Pred_points": -0.4030045687977338, "full_name": "Daniel Fells"}
{"Diff": 9.255219261206499, "Points": 11.0, "Pred_points": 1.7447807387935017, "full_name": "Jeff Cumberland"}
{"Diff": 9.57963258267173, "Points": 0.0, "Pred_points": 9.57963258267173, "full_name": "Timothy Wright"}
{"Diff": 11.448403744860638, "Points": 6.8, "Pred_points": 18.24840374486064, "full_name": "Rob Gronkowski"}
{"Diff": 12.015893473268688, "Points": 12.1, "Pred_points": 0.08410652673131197, "full_name": "Cooper Helfet"}
{"Diff": 12.02428867087957, "Points": 11.2, "Pred_points": -0.8242886708795724, "full_name": "Dwayne Allen"}
{"Diff": 17.160730015819638, "Points": 18.5, "Pred_points": 1.3392699841803608, "full_name": "Gavin Escobar"}
