{"Diff": 0.036772279056685786, "Points": 0.6, "Pred_points": 0.6367722790566858, "full_name": "Ryan Griffin"}
{"Diff": 0.19126341168263838, "Points": 4.7, "Pred_points": 4.891263411682639, "full_name": "Jordan Cameron"}
{"Diff": 0.24141916567301447, "Points": 6.6, "Pred_points": 6.358580834326985, "full_name": "Niles Paul"}
{"Diff": 0.2887614383770858, "Points": 2.6, "Pred_points": 2.3112385616229143, "full_name": "Heath Miller"}
{"Diff": 0.3543746888870922, "Points": 2.1, "Pred_points": 1.7456253111129079, "full_name": "Coby Fleener"}
{"Diff": 0.40339708269210117, "Points": 0.0, "Pred_points": -0.40339708269210117, "full_name": "Demarcus Dobbs"}
{"Diff": 0.43351740626478197, "Points": 0.1, "Pred_points": -0.33351740626478193, "full_name": "Luke Willson"}
{"Diff": 0.4407668217747961, "Points": 0.9, "Pred_points": 1.3407668217747961, "full_name": "Brandon Pettigrew"}
{"Diff": 0.461664998487407, "Points": 0.0, "Pred_points": -0.461664998487407, "full_name": "Gavin Escobar"}
{"Diff": 0.4710157431750055, "Points": 14.3, "Pred_points": 13.828984256824995, "full_name": "Greg Olsen"}
{"Diff": 0.5193585922547475, "Points": 0.0, "Pred_points": -0.5193585922547475, "full_name": "Zach Sudfeld"}
{"Diff": 0.6719295398312265, "Points": 0.0, "Pred_points": -0.6719295398312265, "full_name": "Matthew Mulligan"}
{"Diff": 0.7297272883621634, "Points": 0.9, "Pred_points": 1.6297272883621634, "full_name": "Dion Sims"}
{"Diff": 0.7547876177575655, "Points": 0.0, "Pred_points": 0.7547876177575655, "full_name": "C.J. Fiedorowicz"}
{"Diff": 0.8007904571637261, "Points": 4.1, "Pred_points": 3.2992095428362735, "full_name": "Brandon Myers"}
{"Diff": 0.953241392830218, "Points": 0.4, "Pred_points": -0.553241392830218, "full_name": "Cory Harkey"}
{"Diff": 1.1872668074208246, "Points": 1.5, "Pred_points": 2.6872668074208246, "full_name": "Brent Celek"}
{"Diff": 1.22489644027028, "Points": 5.6, "Pred_points": 4.37510355972972, "full_name": "Jared Cook"}
{"Diff": 1.261077708827651, "Points": 2.6, "Pred_points": 1.338922291172349, "full_name": "Joseph Fauria"}
{"Diff": 1.4383703174425646, "Points": 1.3, "Pred_points": -0.1383703174425646, "full_name": "Gary Barnidge"}
{"Diff": 1.5914699859926518, "Points": 1.5, "Pred_points": -0.09146998599265184, "full_name": "Timothy Wright"}
{"Diff": 1.6249761467006327, "Points": 2.6, "Pred_points": 4.224976146700633, "full_name": "Austin Seferian-Jenkins"}
{"Diff": 1.6474949615644046, "Points": 1.6, "Pred_points": -0.047494961564404414, "full_name": "Jermaine Gresham"}
{"Diff": 1.6645451803551212, "Points": 1.2, "Pred_points": -0.46454518035512127, "full_name": "Lance Kendricks"}
{"Diff": 1.7226898289844337, "Points": 0.7, "Pred_points": 2.4226898289844336, "full_name": "Gator Hoskins"}
{"Diff": 1.8719297131876727, "Points": 1.2, "Pred_points": -0.6719297131876726, "full_name": "Dante Rosario"}
{"Diff": 1.8888035214126142, "Points": 3.4, "Pred_points": 5.288803521412614, "full_name": "Owen Daniels"}
{"Diff": 2.0371327367086187, "Points": 0.0, "Pred_points": 2.0371327367086187, "full_name": "Eric Ebron"}
{"Diff": 2.072632364163768, "Points": 0.8, "Pred_points": 2.8726323641637683, "full_name": "Virgil Green"}
{"Diff": 2.1403070085353226, "Points": 0.8, "Pred_points": 2.940307008535323, "full_name": "Luke Stocker"}
{"Diff": 2.225104324292789, "Points": 2.2, "Pred_points": -0.025104324292789037, "full_name": "Rhett Ellison"}
{"Diff": 2.2762634467898524, "Points": 2.0, "Pred_points": -0.2762634467898522, "full_name": "John Carlson"}
{"Diff": 2.315942358941935, "Points": 0.0, "Pred_points": 2.315942358941935, "full_name": "Benjamin Watson"}
{"Diff": 2.319937491965231, "Points": 0.0, "Pred_points": 2.319937491965231, "full_name": "Josh Hill"}
{"Diff": 2.5772010074552125, "Points": 1.6, "Pred_points": -0.9772010074552125, "full_name": "Rob Housler"}
{"Diff": 2.722278028757956, "Points": 2.4, "Pred_points": -0.32227802875795625, "full_name": "Ladarius Green"}
{"Diff": 2.88729729488608, "Points": 2.4, "Pred_points": -0.4872972948860799, "full_name": "Taylor Thompson"}
{"Diff": 2.8877941367931914, "Points": 4.9, "Pred_points": 7.787794136793192, "full_name": "Travis Kelce"}
{"Diff": 2.892061429336076, "Points": 0.0, "Pred_points": 2.892061429336076, "full_name": "Jacob Tamme"}
{"Diff": 2.9729070087130705, "Points": 0.7, "Pred_points": 3.6729070087130706, "full_name": "Jace Amaro"}
{"Diff": 3.07253746652783, "Points": 0.7, "Pred_points": -2.3725374665278305, "full_name": "Daniel Fells"}
{"Diff": 3.133017320183978, "Points": 3.0, "Pred_points": -0.13301732018397835, "full_name": "Jim Dray"}
{"Diff": 3.1954649771251606, "Points": 2.6, "Pred_points": -0.5954649771251606, "full_name": "Andrew Quarless"}
{"Diff": 3.3390457123101402, "Points": 10.0, "Pred_points": 6.66095428768986, "full_name": "Rob Gronkowski"}
{"Diff": 3.788857431597699, "Points": 7.9, "Pred_points": 4.111142568402301, "full_name": "Levine Toilolo"}
{"Diff": 4.056679610147685, "Points": 3.7, "Pred_points": -0.3566796101476852, "full_name": "Tyler Eifert"}
{"Diff": 4.068690911764964, "Points": 8.2, "Pred_points": 12.268690911764963, "full_name": "Jimmy Graham"}
{"Diff": 4.088056520629699, "Points": 1.4, "Pred_points": 5.4880565206297, "full_name": "Jason Witten"}
{"Diff": 4.406186701775325, "Points": 2.7, "Pred_points": 7.106186701775325, "full_name": "Charles Clay"}
{"Diff": 4.406924699198839, "Points": 3.1, "Pred_points": 7.506924699198839, "full_name": "Mychal Rivera"}
{"Diff": 4.500003336073806, "Points": 4.2, "Pred_points": -0.3000033360738057, "full_name": "Zach Miller"}
{"Diff": 5.176985799923816, "Points": 8.1, "Pred_points": 2.923014200076184, "full_name": "Antonio Gates"}
{"Diff": 5.476035691253469, "Points": 5.0, "Pred_points": -0.4760356912534691, "full_name": "Jeff Cumberland"}
{"Diff": 5.8459551324578225, "Points": 9.7, "Pred_points": 3.854044867542177, "full_name": "Delanie Walker"}
{"Diff": 6.005530657428445, "Points": 1.2, "Pred_points": 7.2055306574284455, "full_name": "Brian Leonhardt"}
{"Diff": 6.107661465482205, "Points": 8.3, "Pred_points": 2.1923385345177957, "full_name": "Dennis Pitta"}
{"Diff": 6.356145155968853, "Points": 0.0, "Pred_points": 6.356145155968853, "full_name": "Logan Paulsen"}
{"Diff": 6.515903257215728, "Points": 0.4, "Pred_points": 6.915903257215728, "full_name": "Jordan Reed"}
{"Diff": 7.534852620717814, "Points": 8.9, "Pred_points": 1.3651473792821862, "full_name": "Anthony Fasano"}
{"Diff": 7.553592074577472, "Points": 7.6, "Pred_points": 0.046407925422527724, "full_name": "Kyle Rudolph"}
{"Diff": 7.989248985585818, "Points": 0.0, "Pred_points": 7.989248985585818, "full_name": "Scott Chandler"}
{"Diff": 10.966780805544158, "Points": 13.7, "Pred_points": 2.7332191944558426, "full_name": "Zach Ertz"}
{"Diff": 12.205375549566611, "Points": 13.0, "Pred_points": 0.7946244504333899, "full_name": "Martellus Bennett"}
{"Diff": 12.367805560103914, "Points": 12.4, "Pred_points": 0.03219443989608567, "full_name": "Dwayne Allen"}
{"Diff": 12.78733140366139, "Points": 3.5, "Pred_points": 16.28733140366139, "full_name": "Marcedes Lewis"}
{"Diff": 13.969140953932477, "Points": 11.6, "Pred_points": -2.3691409539324777, "full_name": "Larry Donnell"}
{"Diff": 15.913346385282871, "Points": 28.4, "Pred_points": 12.486653614717127, "full_name": "Julius Thomas"}
{"Diff": 16.74717417843347, "Points": 16.4, "Pred_points": -0.3471741784334714, "full_name": "Vernon Davis"}
