{"Diff": 0.007783606309843094, "Points": 4.1, "Pred_points": 4.107783606309843, "full_name": "Gary Barnidge"}
{"Diff": 0.04644680932245864, "Points": -0.1, "Pred_points": -0.053553190677541364, "full_name": "Josh Hill"}
{"Diff": 0.11617553610179554, "Points": 1.6, "Pred_points": 1.4838244638982045, "full_name": "Troy Niklas"}
{"Diff": 0.36320250825783335, "Points": 0.0, "Pred_points": -0.36320250825783335, "full_name": "Zach Sudfeld"}
{"Diff": 0.3736660410481698, "Points": 0.0, "Pred_points": -0.3736660410481698, "full_name": "Michael Palmer"}
{"Diff": 0.40242767810333097, "Points": 0.0, "Pred_points": -0.40242767810333097, "full_name": "Taylor Thompson"}
{"Diff": 0.45522305452727024, "Points": 0.4, "Pred_points": -0.0552230545272702, "full_name": "Benjamin Watson"}
{"Diff": 0.5087018149762982, "Points": 0.0, "Pred_points": -0.5087018149762982, "full_name": "Ryan Griffin"}
{"Diff": 0.6156775556748354, "Points": 0.0, "Pred_points": -0.6156775556748354, "full_name": "David Johnson"}
{"Diff": 0.6163963601056633, "Points": 0.0, "Pred_points": -0.6163963601056633, "full_name": "John Phillips"}
{"Diff": 0.6710995369243782, "Points": 0.0, "Pred_points": -0.6710995369243782, "full_name": "Dion Sims"}
{"Diff": 0.680514040848121, "Points": 3.1, "Pred_points": 2.419485959151879, "full_name": "Charles Clay"}
{"Diff": 0.7978191505580595, "Points": 1.5, "Pred_points": 0.7021808494419405, "full_name": "Heath Miller"}
{"Diff": 0.8407685985953368, "Points": 0.5, "Pred_points": 1.3407685985953368, "full_name": "Gavin Escobar"}
{"Diff": 0.8561631423857294, "Points": 3.8, "Pred_points": 2.9438368576142704, "full_name": "Eric Ebron"}
{"Diff": 0.9402672608775497, "Points": 2.0, "Pred_points": 2.9402672608775497, "full_name": "Joseph Fauria"}
{"Diff": 1.1242013137280473, "Points": 1.4, "Pred_points": 0.2757986862719525, "full_name": "Jeff Cumberland"}
{"Diff": 1.155156239087681, "Points": 0.6, "Pred_points": -0.5551562390876811, "full_name": "Michael Hoomanawanui"}
{"Diff": 1.158234490422767, "Points": 1.0, "Pred_points": -0.15823449042276708, "full_name": "Demetrius Harris"}
{"Diff": 1.3395295489452066, "Points": 0.0, "Pred_points": 1.3395295489452066, "full_name": "James Hanna"}
{"Diff": 1.3618837644427702, "Points": 0.9, "Pred_points": -0.46188376444277, "full_name": "Dante Rosario"}
{"Diff": 1.5610584289506786, "Points": 9.9, "Pred_points": 8.338941571049322, "full_name": "Julius Thomas"}
{"Diff": 1.9506621023122799, "Points": 3.0, "Pred_points": 4.95066210231228, "full_name": "Dennis Pitta"}
{"Diff": 2.171484043327482, "Points": 3.8, "Pred_points": 1.6285159566725178, "full_name": "Rhett Ellison"}
{"Diff": 2.2269094010751265, "Points": 0.0, "Pred_points": 2.2269094010751265, "full_name": "Timothy Wright"}
{"Diff": 2.3724841342100036, "Points": 0.0, "Pred_points": -2.3724841342100036, "full_name": "Ed Dickson"}
{"Diff": 2.372675917008346, "Points": 0.0, "Pred_points": -2.372675917008346, "full_name": "Richie Brockel"}
{"Diff": 2.3809766897415434, "Points": 1.3, "Pred_points": -1.0809766897415434, "full_name": "Levine Toilolo"}
{"Diff": 2.387938258519397, "Points": 4.3, "Pred_points": 1.9120617414806027, "full_name": "John Carlson"}
{"Diff": 2.4843290606648667, "Points": 2.5, "Pred_points": 4.984329060664867, "full_name": "Jermaine Gresham"}
{"Diff": 2.632603695030361, "Points": 1.4, "Pred_points": -1.232603695030361, "full_name": "Chris Gragg"}
{"Diff": 2.6671210311867193, "Points": 0.0, "Pred_points": 2.6671210311867193, "full_name": "Logan Paulsen"}
{"Diff": 2.746060539056182, "Points": 7.2, "Pred_points": 9.946060539056182, "full_name": "Jack Doyle"}
{"Diff": 2.8091764534946035, "Points": 1.7, "Pred_points": -1.1091764534946034, "full_name": "Luke Willson"}
{"Diff": 2.872210449116204, "Points": 0.0, "Pred_points": 2.872210449116204, "full_name": "James Casey"}
{"Diff": 2.8853486364128176, "Points": 0.0, "Pred_points": 2.8853486364128176, "full_name": "Brent Celek"}
{"Diff": 2.8890243307138723, "Points": 2.5, "Pred_points": 5.389024330713872, "full_name": "Lance Kendricks"}
{"Diff": 2.941223986470071, "Points": 0.0, "Pred_points": 2.941223986470071, "full_name": "Brandon Pettigrew"}
{"Diff": 2.9748884388098342, "Points": 0.6, "Pred_points": 3.5748884388098343, "full_name": "Jace Amaro"}
{"Diff": 3.0391130379499085, "Points": 4.1, "Pred_points": 7.139113037949908, "full_name": "Derek Carrier"}
{"Diff": 3.0634976914042213, "Points": 2.6, "Pred_points": -0.4634976914042211, "full_name": "Garrett Graham"}
{"Diff": 3.278817806820585, "Points": 2.2, "Pred_points": -1.078817806820585, "full_name": "Zach Miller"}
{"Diff": 3.318009302276974, "Points": 3.3, "Pred_points": -0.018009302276974126, "full_name": "Brandon Myers"}
{"Diff": 3.608388824365992, "Points": 0.5, "Pred_points": 4.108388824365992, "full_name": "Jim Dray"}
{"Diff": 3.611284703643611, "Points": 5.3, "Pred_points": 1.688715296356389, "full_name": "Kyle Rudolph"}
{"Diff": 3.7711813557626552, "Points": 8.1, "Pred_points": 4.328818644237344, "full_name": "Travis Kelce"}
{"Diff": 3.780613812136528, "Points": 3.9, "Pred_points": 7.680613812136528, "full_name": "Vernon Davis"}
{"Diff": 3.9820476675171834, "Points": 0.8, "Pred_points": 4.782047667517183, "full_name": "Cory Harkey"}
{"Diff": 4.074116883480308, "Points": 3.9, "Pred_points": -0.17411688348030807, "full_name": "Anthony Fasano"}
{"Diff": 4.150547008173031, "Points": 2.7, "Pred_points": -1.4505470081730307, "full_name": "Scott Chandler"}
{"Diff": 5.0705546358275, "Points": 7.2, "Pred_points": 2.1294453641724997, "full_name": "Greg Olsen"}
{"Diff": 5.250139065257854, "Points": 3.2, "Pred_points": 8.450139065257854, "full_name": "Jason Witten"}
{"Diff": 5.4100300841536235, "Points": 8.6, "Pred_points": 3.1899699158463757, "full_name": "Zach Ertz"}
{"Diff": 5.435425388803893, "Points": 9.7, "Pred_points": 4.264574611196107, "full_name": "Martellus Bennett"}
{"Diff": 6.100253143223641, "Points": 0.9, "Pred_points": 7.000253143223642, "full_name": "Vance McDonald"}
{"Diff": 6.12554078981864, "Points": 1.1, "Pred_points": 7.22554078981864, "full_name": "Mychal Rivera"}
{"Diff": 6.239948597130804, "Points": 0.8, "Pred_points": 7.039948597130804, "full_name": "Andrew Quarless"}
{"Diff": 6.268664577083565, "Points": 3.2, "Pred_points": 9.468664577083565, "full_name": "Rob Gronkowski"}
{"Diff": 6.4364093751596005, "Points": 6.1, "Pred_points": -0.33640937515960107, "full_name": "Daniel Fells"}
{"Diff": 6.885423643351462, "Points": 6.4, "Pred_points": -0.4854236433514616, "full_name": "Jacob Tamme"}
{"Diff": 7.0877768926051505, "Points": 13.1, "Pred_points": 6.012223107394849, "full_name": "Marcedes Lewis"}
{"Diff": 7.100753459231136, "Points": 0.0, "Pred_points": 7.100753459231136, "full_name": "Richard Rodgers"}
{"Diff": 7.2502996117784395, "Points": 4.6, "Pred_points": 11.85029961177844, "full_name": "Jared Cook"}
{"Diff": 8.379678448362702, "Points": 8.1, "Pred_points": -0.2796784483627017, "full_name": "Larry Donnell"}
{"Diff": 10.178656373238539, "Points": 1.3, "Pred_points": 11.47865637323854, "full_name": "Coby Fleener"}
{"Diff": 10.327256881830522, "Points": 14.8, "Pred_points": 4.472743118169478, "full_name": "Owen Daniels"}
{"Diff": 11.397607991250466, "Points": 0.0, "Pred_points": 11.397607991250466, "full_name": "Dwayne Allen"}
{"Diff": 13.227229634440206, "Points": 15.9, "Pred_points": 2.6727703655597934, "full_name": "Niles Paul"}
{"Diff": 13.467540467000692, "Points": 23.8, "Pred_points": 10.332459532999309, "full_name": "Jimmy Graham"}
{"Diff": 14.012301529465807, "Points": 20.2, "Pred_points": 6.187698470534192, "full_name": "Delanie Walker"}
{"Diff": 23.86006087095449, "Points": 27.6, "Pred_points": 3.7399391290455117, "full_name": "Antonio Gates"}
