{"Diff": 0.13792386178879362, "Points": 0.0, "Pred_points": -0.13792386178879362, "full_name": "Richie Brockel"}
{"Diff": 0.3364590054030308, "Points": 0.0, "Pred_points": -0.3364590054030308, "full_name": "Demarcus Dobbs"}
{"Diff": 0.3494743665975721, "Points": 0.0, "Pred_points": -0.3494743665975721, "full_name": "Darren Fells"}
{"Diff": 0.3597049023760564, "Points": 0.0, "Pred_points": -0.3597049023760564, "full_name": "Eric Ebron"}
{"Diff": 0.363142898066702, "Points": 0.0, "Pred_points": -0.363142898066702, "full_name": "Brandon Pettigrew"}
{"Diff": 0.48687166137805754, "Points": 0.0, "Pred_points": -0.48687166137805754, "full_name": "Dion Sims"}
{"Diff": 0.5277870011441843, "Points": 7.7, "Pred_points": 8.227787001144184, "full_name": "Julius Thomas"}
{"Diff": 0.5579635187892613, "Points": 5.4, "Pred_points": 5.957963518789262, "full_name": "Delanie Walker"}
{"Diff": 0.5585424182102927, "Points": 1.4, "Pred_points": 0.8414575817897072, "full_name": "Zach Ertz"}
{"Diff": 0.6200423689084441, "Points": 0.0, "Pred_points": 0.6200423689084441, "full_name": "Brent Celek"}
{"Diff": 0.6411456006898302, "Points": 5.1, "Pred_points": 5.74114560068983, "full_name": "Heath Miller"}
{"Diff": 0.6630881982432734, "Points": 0.3, "Pred_points": -0.3630881982432734, "full_name": "Joseph Fauria"}
{"Diff": 0.6872068069924966, "Points": 4.9, "Pred_points": 5.587206806992497, "full_name": "Jason Witten"}
{"Diff": 0.7161757383573557, "Points": 0.0, "Pred_points": 0.7161757383573557, "full_name": "Trey Burton"}
{"Diff": 0.7250665134171446, "Points": 0.7, "Pred_points": -0.025066513417144592, "full_name": "Gavin Escobar"}
{"Diff": 0.7371895637273167, "Points": 2.1, "Pred_points": 2.837189563727317, "full_name": "Charles Clay"}
{"Diff": 0.8155389551781775, "Points": 1.5, "Pred_points": 2.3155389551781775, "full_name": "Luke Stocker"}
{"Diff": 0.838357951721532, "Points": 10.4, "Pred_points": 9.561642048278468, "full_name": "Rob Gronkowski"}
{"Diff": 0.9317160941504572, "Points": 0.7, "Pred_points": 1.6317160941504572, "full_name": "Brian Leonhardt"}
{"Diff": 0.9387363687505839, "Points": 3.3, "Pred_points": 2.361263631249416, "full_name": "Brandon Myers"}
{"Diff": 1.0086802566929616, "Points": 0.6, "Pred_points": 1.6086802566929614, "full_name": "Ryan Hewitt"}
{"Diff": 1.0823080841855273, "Points": 0.0, "Pred_points": -1.0823080841855273, "full_name": "Taylor Thompson"}
{"Diff": 1.0839739230155074, "Points": 1.1, "Pred_points": 2.1839739230155075, "full_name": "Mychal Rivera"}
{"Diff": 1.0987590494710227, "Points": 2.3, "Pred_points": 3.3987590494710225, "full_name": "Jordan Cameron"}
{"Diff": 1.2818489244940194, "Points": 1.2, "Pred_points": -0.08184892449401958, "full_name": "Zach Miller"}
{"Diff": 1.3445252902071454, "Points": 0.0, "Pred_points": 1.3445252902071454, "full_name": "C.J. Fiedorowicz"}
{"Diff": 1.5214995136848684, "Points": 2.7, "Pred_points": 4.2214995136848685, "full_name": "Kyle Rudolph"}
{"Diff": 1.5290224418036367, "Points": 0.5, "Pred_points": 2.0290224418036367, "full_name": "Jermaine Gresham"}
{"Diff": 1.555141380017016, "Points": 1.0, "Pred_points": -0.555141380017016, "full_name": "Benjamin Watson"}
{"Diff": 1.5929691401205464, "Points": 17.4, "Pred_points": 15.807030859879452, "full_name": "Martellus Bennett"}
{"Diff": 1.616344785018042, "Points": 1.0, "Pred_points": -0.6163447850180419, "full_name": "Virgil Green"}
{"Diff": 1.6394652296898147, "Points": -0.3, "Pred_points": 1.3394652296898146, "full_name": "Kevin Brock"}
{"Diff": 1.667149607317861, "Points": 1.0, "Pred_points": 2.667149607317861, "full_name": "Jack Doyle"}
{"Diff": 1.8165085572766464, "Points": 2.0, "Pred_points": 0.1834914427233536, "full_name": "Timothy Wright"}
{"Diff": 1.8436481280027008, "Points": 8.2, "Pred_points": 6.3563518719972985, "full_name": "Daniel Fells"}
{"Diff": 2.372911542080358, "Points": 0.0, "Pred_points": -2.372911542080358, "full_name": "Brandon Bostick"}
{"Diff": 2.3729788760935135, "Points": 0.0, "Pred_points": -2.3729788760935135, "full_name": "Ryan Taylor"}
{"Diff": 2.4342452839464634, "Points": 4.1, "Pred_points": 1.665754716053536, "full_name": "Garrett Graham"}
{"Diff": 2.6344242035372494, "Points": 2.3, "Pred_points": -0.3344242035372496, "full_name": "Derek Carrier"}
{"Diff": 2.8865961083145075, "Points": 3.5, "Pred_points": 0.6134038916854925, "full_name": "James Casey"}
{"Diff": 2.939490212452229, "Points": 0.0, "Pred_points": 2.939490212452229, "full_name": "Michael Palmer"}
{"Diff": 2.9395794830883397, "Points": 0.0, "Pred_points": 2.9395794830883397, "full_name": "Matt Spaeth"}
{"Diff": 3.0154944234484784, "Points": 5.4, "Pred_points": 8.415494423448479, "full_name": "Jace Amaro"}
{"Diff": 3.1812577717346135, "Points": 6.8, "Pred_points": 9.981257771734613, "full_name": "Niles Paul"}
{"Diff": 3.668829683861427, "Points": 3.3, "Pred_points": -0.3688296838614273, "full_name": "John Carlson"}
{"Diff": 3.6833656933704133, "Points": 2.6, "Pred_points": -1.0833656933704132, "full_name": "Craig Stevens"}
{"Diff": 3.8009190917569793, "Points": 5.4, "Pred_points": 9.20091909175698, "full_name": "Jimmy Graham"}
{"Diff": 3.8164322239647106, "Points": 2.3, "Pred_points": -1.5164322239647106, "full_name": "Anthony Fasano"}
{"Diff": 3.8393692190288373, "Points": 12.9, "Pred_points": 9.060630780971163, "full_name": "Greg Olsen"}
{"Diff": 4.108286907685921, "Points": 0.0, "Pred_points": 4.108286907685921, "full_name": "Rhett Ellison"}
{"Diff": 4.141562662549083, "Points": 7.5, "Pred_points": 3.3584373374509173, "full_name": "Jared Cook"}
{"Diff": 4.28952104564143, "Points": 0.5, "Pred_points": 4.78952104564143, "full_name": "Levine Toilolo"}
{"Diff": 4.301714771828457, "Points": 0.8, "Pred_points": 5.101714771828457, "full_name": "Owen Daniels"}
{"Diff": 4.573409147751011, "Points": 1.2, "Pred_points": 5.773409147751011, "full_name": "Dennis Pitta"}
{"Diff": 5.1688664774332365, "Points": 1.8, "Pred_points": 6.968866477433236, "full_name": "Dante Rosario"}
{"Diff": 5.174411915719704, "Points": 2.5, "Pred_points": 7.674411915719704, "full_name": "Larry Donnell"}
{"Diff": 5.4951086168176575, "Points": 1.5, "Pred_points": 6.9951086168176575, "full_name": "Zach Sudfeld"}
{"Diff": 6.189934303466009, "Points": 1.8, "Pred_points": 7.989934303466009, "full_name": "Jeff Cumberland"}
{"Diff": 6.277956659385043, "Points": 0.8, "Pred_points": 7.077956659385043, "full_name": "Antonio Gates"}
{"Diff": 7.066460236821228, "Points": 6.4, "Pred_points": -0.6664602368212277, "full_name": "Ladarius Green"}
{"Diff": 7.401785541942675, "Points": 10.3, "Pred_points": 2.8982144580573257, "full_name": "Dwayne Allen"}
{"Diff": 7.947457171400613, "Points": 10.9, "Pred_points": 2.952542828599387, "full_name": "Coby Fleener"}
{"Diff": 8.411223621612413, "Points": 7.4, "Pred_points": -1.011223621612413, "full_name": "Scott Chandler"}
{"Diff": 8.636009388991132, "Points": 9.6, "Pred_points": 0.9639906110088666, "full_name": "Travis Kelce"}
{"Diff": 8.814434532370223, "Points": 8.2, "Pred_points": -0.6144345323702233, "full_name": "Jacob Tamme"}
{"Diff": 9.245945582589242, "Points": 0.7, "Pred_points": 9.94594558258924, "full_name": "Logan Paulsen"}
{"Diff": 9.280278453725138, "Points": 8.9, "Pred_points": -0.3802784537251384, "full_name": "Lance Kendricks"}
{"Diff": 11.354837050382857, "Points": 10.8, "Pred_points": -0.5548370503828561, "full_name": "Josh Hill"}
{"Diff": 12.66043078363554, "Points": 10.3, "Pred_points": -2.36043078363554, "full_name": "Andrew Quarless"}
