{"Diff": 0.025542820287002433, "Points": 0.0, "Pred_points": -0.025542820287002433, "full_name": "Demarcus Dobbs"}
{"Diff": 0.055503533382444965, "Points": 0.0, "Pred_points": -0.055503533382444965, "full_name": "Matt Spaeth"}
{"Diff": 0.12445813492430376, "Points": 0.1, "Pred_points": -0.024458134924303754, "full_name": "Vance McDonald"}
{"Diff": 0.13828296441219057, "Points": 0.0, "Pred_points": -0.13828296441219057, "full_name": "Gary Barnidge"}
{"Diff": 0.14113830792136906, "Points": 7.1, "Pred_points": 7.241138307921369, "full_name": "Coby Fleener"}
{"Diff": 0.17118810279287366, "Points": 9.4, "Pred_points": 9.228811897207127, "full_name": "Rob Gronkowski"}
{"Diff": 0.19699534302860097, "Points": 0.0, "Pred_points": -0.19699534302860097, "full_name": "Zach Sudfeld"}
{"Diff": 0.3363857999629875, "Points": 0.0, "Pred_points": -0.3363857999629875, "full_name": "Logan Paulsen"}
{"Diff": 0.34107008848408515, "Points": 1.0, "Pred_points": 1.3410700884840852, "full_name": "Trey Burton"}
{"Diff": 0.46174346897307955, "Points": 0.0, "Pred_points": -0.46174346897307955, "full_name": "Cory Harkey"}
{"Diff": 0.520067284737357, "Points": 0.0, "Pred_points": -0.520067284737357, "full_name": "David Johnson"}
{"Diff": 0.620224545910812, "Points": 17.1, "Pred_points": 16.47977545408919, "full_name": "Julius Thomas"}
{"Diff": 0.6923266427530422, "Points": 1.4, "Pred_points": 0.7076733572469577, "full_name": "John Carlson"}
{"Diff": 0.8222998567747153, "Points": 0.7, "Pred_points": -0.12229985677471532, "full_name": "Cooper Helfet"}
{"Diff": 0.8223548006821222, "Points": 0.0, "Pred_points": -0.8223548006821222, "full_name": "Mychal Rivera"}
{"Diff": 0.8585285320509637, "Points": 0.5, "Pred_points": -0.3585285320509637, "full_name": "Dion Sims"}
{"Diff": 0.8625137029176915, "Points": 1.5, "Pred_points": 0.6374862970823085, "full_name": "Rob Housler"}
{"Diff": 0.9629296409041506, "Points": 1.0, "Pred_points": 0.03707035909584944, "full_name": "Jeff Cumberland"}
{"Diff": 1.0050545283607863, "Points": 0.7, "Pred_points": -0.30505452836078645, "full_name": "Niles Paul"}
{"Diff": 1.0836129297702912, "Points": 0.0, "Pred_points": -1.0836129297702912, "full_name": "Ed Dickson"}
{"Diff": 1.3290882035824976, "Points": 1.9, "Pred_points": 3.2290882035824975, "full_name": "Heath Miller"}
{"Diff": 1.3882797238575926, "Points": 1.1, "Pred_points": -0.2882797238575925, "full_name": "Luke Willson"}
{"Diff": 1.6292008970036242, "Points": 0.0, "Pred_points": 1.6292008970036242, "full_name": "Lee Smith"}
{"Diff": 1.6334640920691559, "Points": 3.5, "Pred_points": 5.133464092069156, "full_name": "Charles Clay"}
{"Diff": 2.14254992349637, "Points": 8.7, "Pred_points": 6.557450076503629, "full_name": "Antonio Gates"}
{"Diff": 2.171839490408516, "Points": 1.5, "Pred_points": -0.6718394904085159, "full_name": "Michael Hoomanawanui"}
{"Diff": 2.1735891794139306, "Points": 0.7, "Pred_points": 2.8735891794139303, "full_name": "C.J. Fiedorowicz"}
{"Diff": 2.4878588969270705, "Points": 7.4, "Pred_points": 4.91214110307293, "full_name": "Jared Cook"}
{"Diff": 2.6669580312622836, "Points": 0.0, "Pred_points": 2.6669580312622836, "full_name": "Chase Coffman"}
{"Diff": 2.683632774267494, "Points": 1.6, "Pred_points": -1.0836327742674938, "full_name": "Brandon Williams"}
{"Diff": 2.7727246577747344, "Points": 0.4, "Pred_points": -2.3727246577747345, "full_name": "Rhett Ellison"}
{"Diff": 2.8447985474733968, "Points": 2.3, "Pred_points": -0.5447985474733968, "full_name": "Eric Ebron"}
{"Diff": 2.88211001622581, "Points": 0.0, "Pred_points": 2.88211001622581, "full_name": "Ryan Griffin"}
{"Diff": 2.935116664896862, "Points": 0.0, "Pred_points": 2.935116664896862, "full_name": "Garrett Graham"}
{"Diff": 3.0180078126829986, "Points": 3.0, "Pred_points": -0.01800781268299867, "full_name": "Vernon Davis"}
{"Diff": 3.0981890661096587, "Points": 4.9, "Pred_points": 7.998189066109659, "full_name": "Dwayne Allen"}
{"Diff": 3.1573662828912687, "Points": 4.5, "Pred_points": 1.3426337171087313, "full_name": "Brent Celek"}
{"Diff": 3.2370514133868706, "Points": 3.1, "Pred_points": -0.1370514133868704, "full_name": "Jim Dray"}
{"Diff": 3.2722831473854033, "Points": 2.9, "Pred_points": -0.3722831473854035, "full_name": "Brandon Myers"}
{"Diff": 3.3175549814173753, "Points": 6.8, "Pred_points": 3.4824450185826246, "full_name": "Jermaine Gresham"}
{"Diff": 3.3543636190137085, "Points": 1.6, "Pred_points": 4.954363619013709, "full_name": "Crockett Gillmore"}
{"Diff": 3.595226655321715, "Points": 3.4, "Pred_points": 6.995226655321715, "full_name": "Levine Toilolo"}
{"Diff": 4.036078868662646, "Points": 6.1, "Pred_points": 2.0639211313373544, "full_name": "Timothy Wright"}
{"Diff": 4.655682788567343, "Points": 5.7, "Pred_points": 10.355682788567343, "full_name": "Delanie Walker"}
{"Diff": 4.7373655273853235, "Points": 3.4, "Pred_points": 8.137365527385324, "full_name": "Owen Daniels"}
{"Diff": 5.4560150725253225, "Points": 0.9, "Pred_points": 6.356015072525323, "full_name": "Jack Doyle"}
{"Diff": 5.508564844319587, "Points": 5.2, "Pred_points": 10.708564844319588, "full_name": "Martellus Bennett"}
{"Diff": 5.992135009621361, "Points": 8.4, "Pred_points": 2.407864990378639, "full_name": "Jason Witten"}
{"Diff": 6.064207650863722, "Points": 3.7, "Pred_points": -2.364207650863722, "full_name": "Chase Ford"}
{"Diff": 6.156510776526996, "Points": 5.8, "Pred_points": -0.35651077652699703, "full_name": "Austin Seferian-Jenkins"}
{"Diff": 6.487523627367259, "Points": 6.0, "Pred_points": -0.48752362736725896, "full_name": "Ladarius Green"}
{"Diff": 6.68752933929458, "Points": 12.2, "Pred_points": 5.51247066070542, "full_name": "Greg Olsen"}
{"Diff": 6.816230709690905, "Points": 6.2, "Pred_points": -0.6162307096909047, "full_name": "Gavin Escobar"}
{"Diff": 6.9693768996184815, "Points": 0.0, "Pred_points": 6.9693768996184815, "full_name": "Virgil Green"}
{"Diff": 6.976460802641206, "Points": 0.0, "Pred_points": 6.976460802641206, "full_name": "Jacob Tamme"}
{"Diff": 7.047112635080644, "Points": 2.9, "Pred_points": 9.947112635080645, "full_name": "Adrien Robinson"}
{"Diff": 7.262002257703868, "Points": 8.6, "Pred_points": 1.3379977422961318, "full_name": "James Casey"}
{"Diff": 7.9460378975524595, "Points": 2.0, "Pred_points": 9.94603789755246, "full_name": "Daniel Fells"}
{"Diff": 7.9925816603183275, "Points": 10.5, "Pred_points": 2.5074183396816725, "full_name": "Scott Chandler"}
{"Diff": 8.185877826177741, "Points": 12.8, "Pred_points": 4.61412217382226, "full_name": "Jace Amaro"}
{"Diff": 8.62799305607653, "Points": 7.1, "Pred_points": -1.5279930560765305, "full_name": "Andrew Quarless"}
{"Diff": 8.638274239151515, "Points": 8.2, "Pred_points": -0.43827423915151603, "full_name": "Lance Kendricks"}
{"Diff": 8.81385064196447, "Points": 10.7, "Pred_points": 1.8861493580355295, "full_name": "Zach Ertz"}
{"Diff": 9.519349921801293, "Points": 9.2, "Pred_points": -0.3193499218012943, "full_name": "Jordan Reed"}
{"Diff": 10.621961547083583, "Points": 15.1, "Pred_points": 4.478038452916417, "full_name": "Clay Harbor"}
{"Diff": 11.521580221634883, "Points": 0.6, "Pred_points": 12.121580221634883, "full_name": "Larry Donnell"}
{"Diff": 13.323427096718811, "Points": 16.2, "Pred_points": 2.8765729032811884, "full_name": "Jordan Cameron"}
