{"Diff": 0.02552314781593031, "Points": 0.0, "Pred_points": -0.02552314781593031, "full_name": "James Casey"}
{"Diff": 0.11429591411887625, "Points": 0.0, "Pred_points": -0.11429591411887625, "full_name": "Rob Housler"}
{"Diff": 0.13147068989641353, "Points": 2.2, "Pred_points": 2.3314706898964137, "full_name": "Clay Harbor"}
{"Diff": 0.19680327224811078, "Points": 0.0, "Pred_points": -0.19680327224811078, "full_name": "Troy Niklas"}
{"Diff": 0.3614381809251914, "Points": 1.5, "Pred_points": 1.8614381809251914, "full_name": "Jermaine Gresham"}
{"Diff": 0.373578964779303, "Points": 0.0, "Pred_points": -0.373578964779303, "full_name": "Jack Doyle"}
{"Diff": 0.3770033525700427, "Points": 7.0, "Pred_points": 6.622996647429957, "full_name": "Owen Daniels"}
{"Diff": 0.40294258687744966, "Points": 0.0, "Pred_points": -0.40294258687744966, "full_name": "C.J. Fiedorowicz"}
{"Diff": 0.46130878192126806, "Points": 0.0, "Pred_points": -0.46130878192126806, "full_name": "Demetrius Harris"}
{"Diff": 0.4819034731710552, "Points": 4.3, "Pred_points": 4.781903473171055, "full_name": "Benjamin Watson"}
{"Diff": 0.48633391996523057, "Points": 0.0, "Pred_points": -0.48633391996523057, "full_name": "Vance McDonald"}
{"Diff": 0.49425401736034935, "Points": 7.5, "Pred_points": 7.994254017360349, "full_name": "Travis Kelce"}
{"Diff": 0.5061969892528566, "Points": 5.3, "Pred_points": 4.793803010747143, "full_name": "Josh Hill"}
{"Diff": 0.5548800529997239, "Points": 0.0, "Pred_points": -0.5548800529997239, "full_name": "Richard Rodgers"}
{"Diff": 0.6646764115491606, "Points": 0.3, "Pred_points": -0.36467641154916053, "full_name": "Garrett Graham"}
{"Diff": 0.939549479728619, "Points": 2.0, "Pred_points": 2.939549479728619, "full_name": "Dante Rosario"}
{"Diff": 1.194591734662919, "Points": 0.6, "Pred_points": -0.5945917346629189, "full_name": "Niles Paul"}
{"Diff": 1.196157502304474, "Points": 0.8, "Pred_points": -0.3961575023044739, "full_name": "Ryan Griffin"}
{"Diff": 1.2459412274586068, "Points": 1.9, "Pred_points": 0.6540587725413932, "full_name": "Jace Amaro"}
{"Diff": 1.340885471206641, "Points": 0.0, "Pred_points": 1.340885471206641, "full_name": "Levine Toilolo"}
{"Diff": 1.4662254744381287, "Points": 0.8, "Pred_points": -0.6662254744381286, "full_name": "Eric Ebron"}
{"Diff": 1.5230112513277314, "Points": 1.5, "Pred_points": -0.023011251327731314, "full_name": "Brent Celek"}
{"Diff": 1.5443855107572126, "Points": 4.6, "Pred_points": 6.144385510757212, "full_name": "Heath Miller"}
{"Diff": 1.563241054679218, "Points": 1.2, "Pred_points": -0.363241054679218, "full_name": "Rhett Ellison"}
{"Diff": 1.7164393838811316, "Points": 1.1, "Pred_points": -0.6164393838811314, "full_name": "Logan Paulsen"}
{"Diff": 1.8200945226868663, "Points": 3.3, "Pred_points": 5.120094522686866, "full_name": "Jordan Cameron"}
{"Diff": 1.8333577048134209, "Points": 0.5, "Pred_points": 2.333357704813421, "full_name": "Adrien Robinson"}
{"Diff": 1.8417482311406492, "Points": 3.6, "Pred_points": 1.7582517688593509, "full_name": "Cooper Helfet"}
{"Diff": 1.8551420239400502, "Points": 1.8, "Pred_points": -0.05514202394005017, "full_name": "Chase Coffman"}
{"Diff": 1.8715084463875418, "Points": 1.2, "Pred_points": -0.6715084463875418, "full_name": "Brandon Pettigrew"}
{"Diff": 1.8874920261127603, "Points": 1.9, "Pred_points": 0.012507973887239454, "full_name": "John Carlson"}
{"Diff": 1.9634257495192886, "Points": 1.6, "Pred_points": -0.3634257495192886, "full_name": "MarQueis Gray"}
{"Diff": 2.0285717705199247, "Points": 1.7, "Pred_points": -0.3285717705199249, "full_name": "Jacob Tamme"}
{"Diff": 2.0872242280812183, "Points": 1.6, "Pred_points": -0.4872242280812183, "full_name": "Derek Carrier"}
{"Diff": 2.246645556221238, "Points": 1.2, "Pred_points": -1.046645556221238, "full_name": "Jeff Cumberland"}
{"Diff": 2.3725356194954386, "Points": 0.0, "Pred_points": -2.3725356194954386, "full_name": "Lee Smith"}
{"Diff": 2.445329000892579, "Points": 1.9, "Pred_points": -0.5453290008925791, "full_name": "Andrew Quarless"}
{"Diff": 2.526569003082208, "Points": 3.0, "Pred_points": 0.4734309969177918, "full_name": "Coby Fleener"}
{"Diff": 2.9218327113078706, "Points": 3.9, "Pred_points": 0.9781672886921293, "full_name": "Zach Ertz"}
{"Diff": 3.098591116646267, "Points": 1.1, "Pred_points": 4.198591116646267, "full_name": "Austin Seferian-Jenkins"}
{"Diff": 3.1918556040733472, "Points": 4.7, "Pred_points": 7.891855604073347, "full_name": "Delanie Walker"}
{"Diff": 3.4225376437856774, "Points": 19.2, "Pred_points": 15.777462356214322, "full_name": "Greg Olsen"}
{"Diff": 3.4330500769523713, "Points": 6.1, "Pred_points": 2.6669499230476283, "full_name": "Michael Palmer"}
{"Diff": 3.4493044903380983, "Points": 3.1, "Pred_points": -0.3493044903380982, "full_name": "Chase Ford"}
{"Diff": 3.656745422730928, "Points": 3.2, "Pred_points": -0.4567454227309276, "full_name": "Anthony Fasano"}
{"Diff": 4.137764658466294, "Points": 4.8, "Pred_points": 0.6622353415337063, "full_name": "Luke Willson"}
{"Diff": 4.240093125955085, "Points": 2.1, "Pred_points": -2.1400931259550853, "full_name": "Scott Chandler"}
{"Diff": 5.231397176071667, "Points": 18.0, "Pred_points": 12.768602823928333, "full_name": "Antonio Gates"}
{"Diff": 5.393386514441076, "Points": 1.6, "Pred_points": 6.993386514441076, "full_name": "Ed Dickson"}
{"Diff": 5.64915088228746, "Points": 0.0, "Pred_points": 5.64915088228746, "full_name": "Larry Donnell"}
{"Diff": 6.234884375144619, "Points": 5.9, "Pred_points": 12.134884375144619, "full_name": "Jason Witten"}
{"Diff": 6.3157959435063615, "Points": 0.8, "Pred_points": 7.115795943506361, "full_name": "Ladarius Green"}
{"Diff": 6.355818371648043, "Points": 0.0, "Pred_points": 6.355818371648043, "full_name": "James Hanna"}
{"Diff": 6.969068467720347, "Points": 0.0, "Pred_points": 6.969068467720347, "full_name": "John Phillips"}
{"Diff": 6.993165763333352, "Points": 0.0, "Pred_points": 6.993165763333352, "full_name": "Brandon Williams"}
{"Diff": 7.1600372172851205, "Points": 8.5, "Pred_points": 1.3399627827148797, "full_name": "Jim Dray"}
{"Diff": 7.948325651691277, "Points": 2.2, "Pred_points": 10.148325651691277, "full_name": "Lance Kendricks"}
{"Diff": 8.053649816452547, "Points": 16.0, "Pred_points": 7.9463501835474535, "full_name": "Rob Gronkowski"}
{"Diff": 8.332673161411668, "Points": 6.2, "Pred_points": -2.132673161411667, "full_name": "Chris Gragg"}
{"Diff": 9.787645040646218, "Points": 18.6, "Pred_points": 8.812354959353783, "full_name": "Julius Thomas"}
{"Diff": 9.94666186874154, "Points": 0.0, "Pred_points": 9.94666186874154, "full_name": "Cory Harkey"}
{"Diff": 10.736858017751725, "Points": 1.7, "Pred_points": 12.436858017751725, "full_name": "Martellus Bennett"}
{"Diff": 11.428782439914144, "Points": 4.4, "Pred_points": 15.828782439914145, "full_name": "Jared Cook"}
{"Diff": 12.022579718272151, "Points": 11.9, "Pred_points": -0.12257971827215186, "full_name": "Dwayne Allen"}
{"Diff": 12.087192192884395, "Points": 3.6, "Pred_points": 15.687192192884394, "full_name": "Jimmy Graham"}
{"Diff": 14.771362331945808, "Points": 14.5, "Pred_points": -0.2713623319458078, "full_name": "Timothy Wright"}
