{"Diff": 0.04102367936303993, "Points": 0.0, "Pred_points": -0.04102367936303993, "full_name": "Clay Harbor"}
{"Diff": 0.055418559703752514, "Points": 0.0, "Pred_points": -0.055418559703752514, "full_name": "Luke Stocker"}
{"Diff": 0.06456892766036898, "Points": 0.3, "Pred_points": 0.235431072339631, "full_name": "Austin Seferian-Jenkins"}
{"Diff": 0.06819831728169992, "Points": -0.2, "Pred_points": -0.1318016827183001, "full_name": "Phillip Supernaw"}
{"Diff": 0.33451941340119046, "Points": 0.0, "Pred_points": -0.33451941340119046, "full_name": "Gavin Escobar"}
{"Diff": 0.35425954928143577, "Points": 1.4, "Pred_points": 1.0457404507185641, "full_name": "Heath Miller"}
{"Diff": 0.4003661650826668, "Points": 0.0, "Pred_points": -0.4003661650826668, "full_name": "Jeff Cumberland"}
{"Diff": 0.4616234673472479, "Points": 0.0, "Pred_points": -0.4616234673472479, "full_name": "Cory Harkey"}
{"Diff": 0.4989020618415238, "Points": 0.0, "Pred_points": -0.4989020618415238, "full_name": "Cooper Helfet"}
{"Diff": 0.5552405491949847, "Points": 0.0, "Pred_points": -0.5552405491949847, "full_name": "Logan Paulsen"}
{"Diff": 0.6157405184599093, "Points": 0.0, "Pred_points": -0.6157405184599093, "full_name": "Brian Leonhardt"}
{"Diff": 0.6243597874606985, "Points": 0.6, "Pred_points": -0.024359787460698584, "full_name": "Derek Carrier"}
{"Diff": 0.6324257412123044, "Points": 1.0, "Pred_points": 1.6324257412123044, "full_name": "Jacob Tamme"}
{"Diff": 0.7866069717194586, "Points": 1.4, "Pred_points": 0.6133930282805413, "full_name": "MarQueis Gray"}
{"Diff": 1.0660148995184509, "Points": 0.7, "Pred_points": -0.3660148995184509, "full_name": "Lance Kendricks"}
{"Diff": 1.0899954279238422, "Points": 14.3, "Pred_points": 13.210004572076159, "full_name": "Jimmy Graham"}
{"Diff": 1.1960306072721227, "Points": 1.7, "Pred_points": 0.5039693927278772, "full_name": "Jordan Reed"}
{"Diff": 1.2641754710678024, "Points": 6.2, "Pred_points": 4.935824528932198, "full_name": "Jason Witten"}
{"Diff": 1.3061522830745673, "Points": 9.3, "Pred_points": 10.606152283074568, "full_name": "Julius Thomas"}
{"Diff": 1.3875054525520376, "Points": 0.9, "Pred_points": -0.4875054525520375, "full_name": "Zach Sudfeld"}
{"Diff": 1.3917518213319475, "Points": 8.4, "Pred_points": 7.008248178668053, "full_name": "Anthony Fasano"}
{"Diff": 1.482572315929415, "Points": 0.0, "Pred_points": -1.482572315929415, "full_name": "Ladarius Green"}
{"Diff": 1.5099767534606614, "Points": 3.6, "Pred_points": 5.1099767534606615, "full_name": "Jermaine Gresham"}
{"Diff": 1.5298595960867871, "Points": 0.0, "Pred_points": -1.5298595960867871, "full_name": "John Phillips"}
{"Diff": 1.7601434653767, "Points": 12.7, "Pred_points": 14.4601434653767, "full_name": "Travis Kelce"}
{"Diff": 1.918526603740429, "Points": 1.9, "Pred_points": -0.018526603740429037, "full_name": "Vernon Davis"}
{"Diff": 1.9378877455390642, "Points": 2.8, "Pred_points": 4.737887745539064, "full_name": "Antonio Gates"}
{"Diff": 1.9717816608037586, "Points": 0.7, "Pred_points": 2.6717816608037586, "full_name": "Ryan Hewitt"}
{"Diff": 2.0376227623848076, "Points": 1.6, "Pred_points": -0.4376227623848073, "full_name": "Luke Willson"}
{"Diff": 2.0589058207881625, "Points": 2.1, "Pred_points": 4.158905820788163, "full_name": "Jace Amaro"}
{"Diff": 2.190944829458416, "Points": 2.6, "Pred_points": 4.790944829458416, "full_name": "Jim Dray"}
{"Diff": 2.333689536821951, "Points": 1.8, "Pred_points": -0.533689536821951, "full_name": "Niles Paul"}
{"Diff": 2.3860940867561236, "Points": 3.0, "Pred_points": 0.6139059132438764, "full_name": "Rhett Ellison"}
{"Diff": 2.5186145388916907, "Points": 1.4, "Pred_points": -1.1186145388916906, "full_name": "Gator Hoskins"}
{"Diff": 2.5411805755238017, "Points": 0.4, "Pred_points": 2.9411805755238016, "full_name": "Benjamin Watson"}
{"Diff": 2.7731895229476353, "Points": 5.3, "Pred_points": 2.5268104770523645, "full_name": "Owen Daniels"}
{"Diff": 2.8079163567116803, "Points": 1.2, "Pred_points": 4.0079163567116805, "full_name": "Jared Cook"}
{"Diff": 2.8730469435948507, "Points": 0.0, "Pred_points": 2.8730469435948507, "full_name": "Adrien Robinson"}
{"Diff": 2.873322903865365, "Points": 0.0, "Pred_points": 2.873322903865365, "full_name": "Daniel Fells"}
{"Diff": 2.9505065268935793, "Points": 0.0, "Pred_points": 2.9505065268935793, "full_name": "Josh Hill"}
{"Diff": 3.1809659162813637, "Points": 1.6, "Pred_points": 4.780965916281364, "full_name": "Gary Barnidge"}
{"Diff": 3.50735979381254, "Points": 0.6, "Pred_points": 4.10735979381254, "full_name": "Brandon Williams"}
{"Diff": 4.1078037920841695, "Points": 0.0, "Pred_points": 4.1078037920841695, "full_name": "Ed Dickson"}
{"Diff": 4.702146933218045, "Points": 8.5, "Pred_points": 3.797853066781955, "full_name": "Larry Donnell"}
{"Diff": 5.6645816406420595, "Points": 0.7, "Pred_points": 6.36458164064206, "full_name": "Brent Celek"}
{"Diff": 5.792691187830494, "Points": 16.5, "Pred_points": 10.707308812169506, "full_name": "Rob Gronkowski"}
{"Diff": 6.238143447821822, "Points": 6.1, "Pred_points": -0.13814344782182228, "full_name": "Crockett Gillmore"}
{"Diff": 6.355827290115858, "Points": 0.0, "Pred_points": 6.355827290115858, "full_name": "James Casey"}
{"Diff": 6.370289581573841, "Points": 0.6, "Pred_points": 6.970289581573841, "full_name": "Demetrius Harris"}
{"Diff": 6.614841708000692, "Points": 0.4, "Pred_points": 7.014841708000692, "full_name": "Zach Ertz"}
{"Diff": 7.3825423091200255, "Points": 10.8, "Pred_points": 3.417457690879975, "full_name": "Dwayne Allen"}
{"Diff": 8.20712942013868, "Points": 7.9, "Pred_points": -0.30712942013867917, "full_name": "John Carlson"}
{"Diff": 9.673660080875173, "Points": 9.3, "Pred_points": -0.3736600808751729, "full_name": "Matt Spaeth"}
{"Diff": 9.76380824848159, "Points": 3.0, "Pred_points": 12.76380824848159, "full_name": "Greg Olsen"}
{"Diff": 9.958718306669297, "Points": 0.0, "Pred_points": 9.958718306669297, "full_name": "Garrett Graham"}
{"Diff": 11.156729883156359, "Points": 13.7, "Pred_points": 2.5432701168436407, "full_name": "Coby Fleener"}
{"Diff": 11.91410854706051, "Points": 12.6, "Pred_points": 0.6858914529394896, "full_name": "Chase Ford"}
{"Diff": 12.513807664777488, "Points": 12.5, "Pred_points": -0.013807664777487702, "full_name": "Charles Clay"}
{"Diff": 15.841794262526722, "Points": 15.8, "Pred_points": -0.041794262526722324, "full_name": "Mychal Rivera"}
