{"Diff": 0.0038562977086877837, "Points": 7.0, "Pred_points": 6.996143702291312, "full_name": "Andrew Quarless"}
{"Diff": 0.053015753098690534, "Points": 0.0, "Pred_points": -0.053015753098690534, "full_name": "Jeff Cumberland"}
{"Diff": 0.054486251610235126, "Points": 0.0, "Pred_points": -0.054486251610235126, "full_name": "Ryan Hewitt"}
{"Diff": 0.13833016223294012, "Points": 0.0, "Pred_points": -0.13833016223294012, "full_name": "Zach Sudfeld"}
{"Diff": 0.32615558723775795, "Points": 0.0, "Pred_points": 0.32615558723775795, "full_name": "Chris Gragg"}
{"Diff": 0.37363093155035765, "Points": 0.0, "Pred_points": -0.37363093155035765, "full_name": "Chase Coffman"}
{"Diff": 0.3736696114828318, "Points": 0.0, "Pred_points": -0.3736696114828318, "full_name": "Richard Gordon"}
{"Diff": 0.3876741107634025, "Points": 3.7, "Pred_points": 4.087674110763403, "full_name": "Delanie Walker"}
{"Diff": 0.4555146593496406, "Points": 0.4, "Pred_points": -0.05551465934964057, "full_name": "Kevin Brock"}
{"Diff": 0.46090282592574594, "Points": 0.0, "Pred_points": -0.46090282592574594, "full_name": "Josh Hill"}
{"Diff": 0.48705058897308745, "Points": 0.0, "Pred_points": -0.48705058897308745, "full_name": "Lee Smith"}
{"Diff": 0.518412332460561, "Points": 0.0, "Pred_points": -0.518412332460561, "full_name": "Jacob Tamme"}
{"Diff": 0.5667334617410784, "Points": 9.3, "Pred_points": 9.86673346174108, "full_name": "Jason Witten"}
{"Diff": 0.6633753166693261, "Points": 0.3, "Pred_points": -0.36337531666932615, "full_name": "Dante Rosario"}
{"Diff": 0.6963968029592557, "Points": 0.5, "Pred_points": -0.19639680295925566, "full_name": "Brian Leonhardt"}
{"Diff": 0.8930846854016945, "Points": 6.1, "Pred_points": 6.993084685401694, "full_name": "Brandon Bostick"}
{"Diff": 1.0641280239013855, "Points": 2.9, "Pred_points": 1.8358719760986144, "full_name": "Jermaine Gresham"}
{"Diff": 1.0827126242197092, "Points": 0.0, "Pred_points": -1.0827126242197092, "full_name": "Jim Dray"}
{"Diff": 1.0836527783987076, "Points": 0.0, "Pred_points": -1.0836527783987076, "full_name": "Ryan Taylor"}
{"Diff": 1.1229244978308999, "Points": 1.1, "Pred_points": -0.02292449783089968, "full_name": "Rob Housler"}
{"Diff": 1.2693890166262545, "Points": 1.4, "Pred_points": 2.6693890166262544, "full_name": "Gavin Escobar"}
{"Diff": 1.2946692545290468, "Points": 1.7, "Pred_points": 2.9946692545290468, "full_name": "Zach Ertz"}
{"Diff": 1.337947171173159, "Points": 0.0, "Pred_points": 1.337947171173159, "full_name": "Demarcus Dobbs"}
{"Diff": 1.3417243786264121, "Points": 0.0, "Pred_points": 1.3417243786264121, "full_name": "Crockett Gillmore"}
{"Diff": 1.358462733533229, "Points": 0.7, "Pred_points": -0.6584627335332293, "full_name": "Anthony Fasano"}
{"Diff": 1.5294170674860033, "Points": 0.0, "Pred_points": -1.5294170674860033, "full_name": "Brandon Pettigrew"}
{"Diff": 1.530129432063972, "Points": 0.0, "Pred_points": -1.530129432063972, "full_name": "Kellen Davis"}
{"Diff": 1.7250471479314944, "Points": 1.7, "Pred_points": -0.02504714793149441, "full_name": "Troy Niklas"}
{"Diff": 1.752432992073985, "Points": 1.7, "Pred_points": -0.05243299207398507, "full_name": "Scott Chandler"}
{"Diff": 1.7617075691289312, "Points": 1.3, "Pred_points": -0.4617075691289312, "full_name": "Benjamin Watson"}
{"Diff": 1.799803997775111, "Points": 1.4, "Pred_points": -0.39980399777511116, "full_name": "Nic Jacobs"}
{"Diff": 1.8144056780918725, "Points": 3.2, "Pred_points": 1.3855943219081277, "full_name": "Cooper Helfet"}
{"Diff": 1.8162463594794116, "Points": 1.2, "Pred_points": -0.6162463594794115, "full_name": "Daniel Fells"}
{"Diff": 1.8225940494288935, "Points": 6.6, "Pred_points": 4.777405950571106, "full_name": "Jace Amaro"}
{"Diff": 2.167066274762246, "Points": 2.6, "Pred_points": 0.432933725237754, "full_name": "Larry Donnell"}
{"Diff": 2.3665025391650434, "Points": 0.0, "Pred_points": -2.3665025391650434, "full_name": "Gator Hoskins"}
{"Diff": 2.66697263355149, "Points": 0.0, "Pred_points": 2.66697263355149, "full_name": "James Hanna"}
{"Diff": 2.7641756934127586, "Points": 2.8, "Pred_points": 0.03582430658724112, "full_name": "Clay Harbor"}
{"Diff": 2.9056406864127347, "Points": 3.3, "Pred_points": 0.39435931358726517, "full_name": "John Carlson"}
{"Diff": 3.3001009485951935, "Points": 3.0, "Pred_points": -0.3001009485951936, "full_name": "Lance Kendricks"}
{"Diff": 3.3154830119717733, "Points": 0.8, "Pred_points": 4.115483011971773, "full_name": "Vernon Davis"}
{"Diff": 3.7235040752644424, "Points": 1.9, "Pred_points": 5.623504075264442, "full_name": "Travis Kelce"}
{"Diff": 3.7262642105638086, "Points": 4.5, "Pred_points": 8.226264210563809, "full_name": "Martellus Bennett"}
{"Diff": 4.391100405637172, "Points": 2.0, "Pred_points": 6.391100405637172, "full_name": "Owen Daniels"}
{"Diff": 5.377075096547306, "Points": 4.5, "Pred_points": -0.8770750965473056, "full_name": "Charles Clay"}
{"Diff": 5.548200304554177, "Points": 11.9, "Pred_points": 17.448200304554177, "full_name": "Greg Olsen"}
{"Diff": 5.68352959334441, "Points": 4.6, "Pred_points": -1.0835295933444102, "full_name": "Gary Barnidge"}
{"Diff": 6.394718857494278, "Points": 0.6, "Pred_points": 6.994718857494278, "full_name": "Richard Rodgers"}
{"Diff": 6.545670610699508, "Points": 9.0, "Pred_points": 2.4543293893004923, "full_name": "Austin Seferian-Jenkins"}
{"Diff": 6.996068699969175, "Points": 2.9, "Pred_points": 9.896068699969176, "full_name": "Heath Miller"}
{"Diff": 8.65844031873553, "Points": 11.6, "Pred_points": 2.94155968126447, "full_name": "Brent Celek"}
{"Diff": 8.991064022324247, "Points": 12.4, "Pred_points": 3.4089359776757533, "full_name": "Mychal Rivera"}
{"Diff": 9.246186370448616, "Points": 0.7, "Pred_points": 9.946186370448615, "full_name": "Ed Dickson"}
{"Diff": 9.945901112891475, "Points": 0.0, "Pred_points": 9.945901112891475, "full_name": "Brandon Williams"}
{"Diff": 10.531195208890999, "Points": 19.6, "Pred_points": 9.068804791109002, "full_name": "Jimmy Graham"}
{"Diff": 10.797966346444541, "Points": 14.4, "Pred_points": 3.6020336535554596, "full_name": "Jared Cook"}
{"Diff": 11.51097262144104, "Points": 18.3, "Pred_points": 6.789027378558961, "full_name": "Julius Thomas"}
