{"Diff": 0.0018325501405840883, "Points": 0.4, "Pred_points": 0.4018325501405841, "full_name": "Coby Fleener"}
{"Diff": 0.05427633236420192, "Points": 0.0, "Pred_points": -0.05427633236420192, "full_name": "Brian Leonhardt"}
{"Diff": 0.08659929462160376, "Points": 0.7, "Pred_points": 0.6134007053783962, "full_name": "James Hanna"}
{"Diff": 0.33601454650164203, "Points": 0.0, "Pred_points": -0.33601454650164203, "full_name": "Trey Burton"}
{"Diff": 0.3623914553751734, "Points": 0.0, "Pred_points": -0.3623914553751734, "full_name": "Benjamin Watson"}
{"Diff": 0.4033569274365716, "Points": 0.0, "Pred_points": -0.4033569274365716, "full_name": "Logan Paulsen"}
{"Diff": 0.4244910102358071, "Points": 0.4, "Pred_points": -0.02449101023580706, "full_name": "Demetrius Harris"}
{"Diff": 0.47092290888787147, "Points": 6.5, "Pred_points": 6.9709229088878715, "full_name": "Lee Smith"}
{"Diff": 0.5200100769226962, "Points": 0.0, "Pred_points": -0.5200100769226962, "full_name": "Gary Barnidge"}
{"Diff": 0.6112324900467465, "Points": 0.0, "Pred_points": -0.6112324900467465, "full_name": "Jeff Cumberland"}
{"Diff": 0.6717106571745127, "Points": 0.0, "Pred_points": -0.6717106571745127, "full_name": "Zach Sudfeld"}
{"Diff": 0.8508676729719686, "Points": 0.3, "Pred_points": -0.5508676729719687, "full_name": "Brandon Myers"}
{"Diff": 0.8719450968607849, "Points": 0.5, "Pred_points": -0.37194509686078486, "full_name": "Ryan Hewitt"}
{"Diff": 0.9996813101004277, "Points": 0.9, "Pred_points": -0.09968131010042765, "full_name": "Ladarius Green"}
{"Diff": 1.0278172037484037, "Points": 0.6, "Pred_points": 1.6278172037484036, "full_name": "Dante Rosario"}
{"Diff": 1.1211862404247666, "Points": 0.0, "Pred_points": -1.1211862404247666, "full_name": "Virgil Green"}
{"Diff": 1.134380216229051, "Points": 0.8, "Pred_points": -0.334380216229051, "full_name": "Brent Celek"}
{"Diff": 1.1919893963273127, "Points": 6.1, "Pred_points": 4.908010603672687, "full_name": "Chase Ford"}
{"Diff": 1.3505050737660227, "Points": 0.0, "Pred_points": 1.3505050737660227, "full_name": "Garrett Graham"}
{"Diff": 1.5206786087959476, "Points": 0.4, "Pred_points": -1.1206786087959475, "full_name": "Jacob Tamme"}
{"Diff": 1.5264852621129734, "Points": 0.0, "Pred_points": -1.5264852621129734, "full_name": "Nic Jacobs"}
{"Diff": 1.5813182576905054, "Points": 5.1, "Pred_points": 3.5186817423094943, "full_name": "Jace Amaro"}
{"Diff": 1.691858136053633, "Points": 5.8, "Pred_points": 4.108141863946367, "full_name": "Richard Rodgers"}
{"Diff": 1.9086982277819926, "Points": 1.9, "Pred_points": -0.008698227781992742, "full_name": "Anthony Fasano"}
{"Diff": 1.9163551684360525, "Points": 1.3, "Pred_points": -0.6163551684360523, "full_name": "Ed Dickson"}
{"Diff": 2.1559239545395044, "Points": 1.1, "Pred_points": 3.2559239545395045, "full_name": "Cooper Helfet"}
{"Diff": 2.1779665433776074, "Points": 3.4, "Pred_points": 1.2220334566223923, "full_name": "Jermaine Gresham"}
{"Diff": 2.218455181254932, "Points": 1.9, "Pred_points": 4.118455181254932, "full_name": "Andrew Quarless"}
{"Diff": 2.263026844279924, "Points": 4.0, "Pred_points": 1.7369731557200758, "full_name": "Jordan Cameron"}
{"Diff": 2.315021880979271, "Points": 0.0, "Pred_points": 2.315021880979271, "full_name": "Kellen Davis"}
{"Diff": 2.4285317596208573, "Points": 5.1, "Pred_points": 2.6714682403791423, "full_name": "Dion Sims"}
{"Diff": 2.6066334494368943, "Points": 7.2, "Pred_points": 9.806633449436895, "full_name": "Scott Chandler"}
{"Diff": 2.895870320647864, "Points": 11.9, "Pred_points": 9.004129679352136, "full_name": "Jimmy Graham"}
{"Diff": 2.9339676354267024, "Points": 4.0, "Pred_points": 1.0660323645732979, "full_name": "Jordan Reed"}
{"Diff": 2.9569985510528864, "Points": 4.5, "Pred_points": 7.4569985510528864, "full_name": "Travis Kelce"}
{"Diff": 2.960826541436642, "Points": 9.7, "Pred_points": 12.660826541436641, "full_name": "Delanie Walker"}
{"Diff": 3.0921872188010933, "Points": 2.7, "Pred_points": -0.3921872188010929, "full_name": "Niles Paul"}
{"Diff": 3.1828167083344847, "Points": 2.7, "Pred_points": -0.4828167083344846, "full_name": "Clay Harbor"}
{"Diff": 3.218542952948848, "Points": 2.7, "Pred_points": -0.518542952948848, "full_name": "Jim Dray"}
{"Diff": 3.3833035386554107, "Points": 2.3, "Pred_points": -1.083303538655411, "full_name": "Crockett Gillmore"}
{"Diff": 3.496577407242614, "Points": 2.3, "Pred_points": 5.796577407242614, "full_name": "Julius Thomas"}
{"Diff": 3.9602357832289816, "Points": 1.1, "Pred_points": 5.060235783228982, "full_name": "Jared Cook"}
{"Diff": 4.383570205457698, "Points": 11.9, "Pred_points": 7.516429794542303, "full_name": "Timothy Wright"}
{"Diff": 4.696274030935236, "Points": 8.3, "Pred_points": 3.6037259690647643, "full_name": "Luke Willson"}
{"Diff": 4.78183239534938, "Points": 0.0, "Pred_points": 4.78183239534938, "full_name": "Rhett Ellison"}
{"Diff": 4.971503814011012, "Points": 2.6, "Pred_points": -2.371503814011011, "full_name": "Levine Toilolo"}
{"Diff": 4.9792371606212456, "Points": 4.8, "Pred_points": -0.17923716062124528, "full_name": "Zach Ertz"}
{"Diff": 5.885337960432393, "Points": 1.6, "Pred_points": 7.485337960432393, "full_name": "Greg Olsen"}
{"Diff": 6.3557658475040775, "Points": 0.0, "Pred_points": 6.3557658475040775, "full_name": "Richard Gordon"}
{"Diff": 6.544117936447313, "Points": 6.1, "Pred_points": -0.44411793644731407, "full_name": "Lance Kendricks"}
{"Diff": 6.560309005818453, "Points": 6.2, "Pred_points": -0.3603090058184532, "full_name": "Josh Hill"}
{"Diff": 6.5956450780894045, "Points": 15.5, "Pred_points": 8.904354921910596, "full_name": "Martellus Bennett"}
{"Diff": 6.806487954511631, "Points": 8.1, "Pred_points": 1.293512045488368, "full_name": "Dwayne Allen"}
{"Diff": 7.126561781229537, "Points": 6.6, "Pred_points": -0.5265617812295376, "full_name": "Austin Seferian-Jenkins"}
{"Diff": 7.481548751022735, "Points": 0.1, "Pred_points": 7.581548751022734, "full_name": "Charles Clay"}
{"Diff": 7.946224025180306, "Points": 13.0, "Pred_points": 5.053775974819694, "full_name": "Jason Witten"}
{"Diff": 8.029933667403856, "Points": 8.3, "Pred_points": 0.2700663325961449, "full_name": "Mychal Rivera"}
{"Diff": 8.468878021859187, "Points": 6.1, "Pred_points": -2.3688780218591865, "full_name": "Bear Pascoe"}
{"Diff": 8.78913080759345, "Points": 17.4, "Pred_points": 8.610869192406549, "full_name": "Antonio Gates"}
{"Diff": 9.694827422548075, "Points": 1.6, "Pred_points": 11.294827422548074, "full_name": "John Carlson"}
{"Diff": 10.069038646546069, "Points": 0.0, "Pred_points": 10.069038646546069, "full_name": "Rob Housler"}
{"Diff": 13.553423862364472, "Points": 17.2, "Pred_points": 3.6465761376355283, "full_name": "Heath Miller"}
{"Diff": 14.676478786735561, "Points": 32.9, "Pred_points": 18.223521213264437, "full_name": "Rob Gronkowski"}
