{"Diff": 0.05614653034999373, "Points": 0.7, "Pred_points": 0.7561465303499937, "full_name": "Austin Seferian-Jenkins"}
{"Diff": 0.24899844259403547, "Points": 1.1, "Pred_points": 1.3489984425940356, "full_name": "Vernon Davis"}
{"Diff": 0.29425929922999305, "Points": 6.7, "Pred_points": 6.994259299229993, "full_name": "Rhett Ellison"}
{"Diff": 0.3151934127769529, "Points": 2.0, "Pred_points": 2.315193412776953, "full_name": "Ed Dickson"}
{"Diff": 0.3849796019966658, "Points": 2.7, "Pred_points": 2.3150203980033344, "full_name": "Brandon Williams"}
{"Diff": 0.4876194683027852, "Points": 0.0, "Pred_points": -0.4876194683027852, "full_name": "Demarcus Dobbs"}
{"Diff": 0.5692426587571288, "Points": 0.0, "Pred_points": -0.5692426587571288, "full_name": "Scott Chandler"}
{"Diff": 0.6531747944870157, "Points": 2.3, "Pred_points": 2.9531747944870155, "full_name": "Levine Toilolo"}
{"Diff": 0.6700321491313113, "Points": 0.2, "Pred_points": -0.47003214913131125, "full_name": "Cooper Helfet"}
{"Diff": 0.6787540406248784, "Points": 0.5, "Pred_points": -0.17875404062487843, "full_name": "Lance Kendricks"}
{"Diff": 0.8721933309720855, "Points": 6.2, "Pred_points": 5.327806669027915, "full_name": "Timothy Wright"}
{"Diff": 0.9163957172228336, "Points": 0.3, "Pred_points": -0.6163957172228337, "full_name": "Phillip Supernaw"}
{"Diff": 0.9197445209307827, "Points": 0.4, "Pred_points": -0.5197445209307827, "full_name": "David Johnson"}
{"Diff": 1.038602649158106, "Points": 13.1, "Pred_points": 14.138602649158106, "full_name": "Rob Gronkowski"}
{"Diff": 1.0829541809259287, "Points": 0.0, "Pred_points": -1.0829541809259287, "full_name": "Josh Hill"}
{"Diff": 1.2552538706787577, "Points": 0.7, "Pred_points": -0.5552538706787579, "full_name": "Dante Rosario"}
{"Diff": 1.3394614796721858, "Points": 0.0, "Pred_points": 1.3394614796721858, "full_name": "Michael Palmer"}
{"Diff": 1.339625921919604, "Points": 0.0, "Pred_points": 1.339625921919604, "full_name": "Derek Carrier"}
{"Diff": 1.3418684101761058, "Points": 0.0, "Pred_points": 1.3418684101761058, "full_name": "Vance McDonald"}
{"Diff": 1.406266820545965, "Points": 0.2, "Pred_points": -1.206266820545965, "full_name": "Chris Gragg"}
{"Diff": 1.4612935308913877, "Points": 1.1, "Pred_points": -0.3612935308913876, "full_name": "Brent Celek"}
{"Diff": 1.4778229895655706, "Points": 2.1, "Pred_points": 0.6221770104344294, "full_name": "Brandon Myers"}
{"Diff": 1.5203875831747604, "Points": 0.4, "Pred_points": -1.1203875831747603, "full_name": "Brian Leonhardt"}
{"Diff": 1.6050948071555573, "Points": 1.1, "Pred_points": -0.5050948071555572, "full_name": "Ladarius Green"}
{"Diff": 1.6278797248547228, "Points": 0.0, "Pred_points": 1.6278797248547228, "full_name": "Jack Doyle"}
{"Diff": 1.7566266887893685, "Points": 4.6, "Pred_points": 6.356626688789368, "full_name": "Jim Dray"}
{"Diff": 1.7692603594261498, "Points": 1.1, "Pred_points": -0.6692603594261498, "full_name": "Dion Sims"}
{"Diff": 2.3905957711418164, "Points": 1.7, "Pred_points": 4.090595771141817, "full_name": "Travis Kelce"}
{"Diff": 2.4297288962985246, "Points": 3.1, "Pred_points": 5.529728896298525, "full_name": "Charles Clay"}
{"Diff": 2.5204966618141182, "Points": 1.9, "Pred_points": 4.420496661814118, "full_name": "Jared Cook"}
{"Diff": 2.5247096679936107, "Points": 2.2, "Pred_points": -0.3247096679936105, "full_name": "Eric Ebron"}
{"Diff": 2.8724759721541355, "Points": 0.0, "Pred_points": 2.8724759721541355, "full_name": "Michael Hoomanawanui"}
{"Diff": 2.8725077850256135, "Points": 0.5, "Pred_points": -2.3725077850256135, "full_name": "Troy Niklas"}
{"Diff": 3.0535793804212883, "Points": 6.1, "Pred_points": 3.0464206195787114, "full_name": "Tony Moeaki"}
{"Diff": 3.1240642249421566, "Points": 3.1, "Pred_points": -0.024064224942156553, "full_name": "Jacob Tamme"}
{"Diff": 3.1290252297784624, "Points": 1.7, "Pred_points": 4.829025229778463, "full_name": "Niles Paul"}
{"Diff": 3.2624995925792515, "Points": 6.1, "Pred_points": 9.362499592579251, "full_name": "Greg Olsen"}
{"Diff": 3.292647914111362, "Points": 4.0, "Pred_points": 0.7073520858886381, "full_name": "Mychal Rivera"}
{"Diff": 3.3592112819082254, "Points": 2.9, "Pred_points": 6.259211281908225, "full_name": "Martellus Bennett"}
{"Diff": 3.9580897299830435, "Points": 7.1, "Pred_points": 3.141910270016956, "full_name": "Heath Miller"}
{"Diff": 4.37921332831428, "Points": 3.2, "Pred_points": 7.57921332831428, "full_name": "Antonio Gates"}
{"Diff": 4.749677255616113, "Points": 2.9, "Pred_points": 7.649677255616113, "full_name": "Jimmy Graham"}
{"Diff": 4.780716230413843, "Points": 0.0, "Pred_points": 4.780716230413843, "full_name": "Logan Paulsen"}
{"Diff": 4.82846270267049, "Points": 2.2, "Pred_points": 7.02846270267049, "full_name": "Jordan Reed"}
{"Diff": 5.071468998121757, "Points": 2.7, "Pred_points": -2.3714689981217574, "full_name": "Rob Housler"}
{"Diff": 5.256111059051101, "Points": 1.1, "Pred_points": 6.3561110590511, "full_name": "Gary Barnidge"}
{"Diff": 5.422530908623864, "Points": 5.1, "Pred_points": -0.3225309086238643, "full_name": "Luke Willson"}
{"Diff": 5.859522820861457, "Points": 5.5, "Pred_points": -0.3595228208614572, "full_name": "Zach Ertz"}
{"Diff": 5.885502998572154, "Points": 3.7, "Pred_points": -2.185502998572153, "full_name": "John Carlson"}
{"Diff": 6.355765485663618, "Points": 0.0, "Pred_points": 6.355765485663618, "full_name": "Ryan Taylor"}
{"Diff": 6.452955250572206, "Points": 3.5, "Pred_points": 9.952955250572206, "full_name": "Andrew Quarless"}
{"Diff": 6.767940154525005, "Points": 1.3, "Pred_points": 8.067940154525004, "full_name": "Chase Ford"}
{"Diff": 7.103164639085329, "Points": 0.0, "Pred_points": 7.103164639085329, "full_name": "Kyle Rudolph"}
{"Diff": 7.317300877731861, "Points": 13.3, "Pred_points": 5.98269912226814, "full_name": "Jermaine Gresham"}
{"Diff": 8.04739905608493, "Points": 1.9, "Pred_points": 9.94739905608493, "full_name": "Richard Rodgers"}
{"Diff": 9.275233277806272, "Points": 0.3, "Pred_points": 9.575233277806273, "full_name": "Julius Thomas"}
{"Diff": 9.338534022426327, "Points": 9.2, "Pred_points": -0.13853402242632795, "full_name": "Chase Coffman"}
{"Diff": 9.454507241655698, "Points": 9.4, "Pred_points": -0.05450724165569771, "full_name": "Garrett Graham"}
{"Diff": 10.98980089983198, "Points": 14.4, "Pred_points": 3.41019910016802, "full_name": "Coby Fleener"}
{"Diff": 11.470306009917826, "Points": 11.4, "Pred_points": -0.07030600991782565, "full_name": "Larry Donnell"}
