{"Difference": 0.5205711047828849, "Actual": 21.76, "Full Name": "Jay Cutler", "Prediction": 21.239428895217117}
{"Difference": 0.8649607555179699, "Actual": 17.76, "Full Name": "Andy Dalton", "Prediction": 16.89503924448203}
{"Difference": 1.3253456296128618, "Actual": 30.96, "Full Name": "Peyton Manning", "Prediction": 32.28534562961286}
{"Difference": 1.41129965163997, "Actual": 15.96, "Full Name": "Mike Glennon", "Prediction": 14.54870034836003}
{"Difference": 1.8518877821169362, "Actual": 15.1, "Full Name": "Cam Newton", "Prediction": 13.248112217883063}
{"Difference": 2.014139096726822, "Actual": 1.8, "Full Name": "Jason Campbell", "Prediction": -0.21413909672682183}
{"Difference": 2.2499997345980853, "Actual": -1.22, "Full Name": "Matt Flynn", "Prediction": -3.4699997345980855}
{"Difference": 2.266471520083595, "Actual": 20.98, "Full Name": "Tom Brady", "Prediction": 23.246471520083595}
{"Difference": 2.4035327840503022, "Actual": 18.96, "Full Name": "Tony Romo", "Prediction": 21.363532784050303}
{"Difference": 2.713224309885799, "Actual": 21.82, "Full Name": "Philip Rivers", "Prediction": 24.5332243098858}
{"Difference": 2.9050631211429696, "Actual": -0.4, "Full Name": "Jimmy Garoppolo", "Prediction": -3.3050631211429695}
{"Difference": 2.954701802306813, "Actual": 13.58, "Full Name": "Nick Foles", "Prediction": 16.534701802306813}
{"Difference": 3.1390376104880255, "Actual": 3.28, "Full Name": "Michael Vick", "Prediction": 0.14096238951197437}
{"Difference": 4.067739204097007, "Actual": 14.32, "Full Name": "Kyle Orton", "Prediction": 10.252260795902993}
{"Difference": 4.238666519735354, "Actual": 16.56, "Full Name": "Jake Locker", "Prediction": 12.321333480264645}
{"Difference": 4.6576185404180315, "Actual": 19.72, "Full Name": "Kirk Cousins", "Prediction": 15.062381459581967}
{"Difference": 4.9484596012643935, "Actual": 4.72, "Full Name": "Drew Stanton", "Prediction": 9.668459601264393}
{"Difference": 5.1125941807099835, "Actual": 13.84, "Full Name": "Colin Kaepernick", "Prediction": 18.952594180709983}
{"Difference": 6.21319233622593, "Actual": 14.64, "Full Name": "Matt Ryan", "Prediction": 20.85319233622593}
{"Difference": 6.604253675545342, "Actual": 13.6, "Full Name": "Alex Smith", "Prediction": 20.204253675545342}
{"Difference": 6.734965614826862, "Actual": 7.4, "Full Name": "Joe Flacco", "Prediction": 14.134965614826863}
{"Difference": 6.812727948277363, "Actual": 15.7, "Full Name": "Eli Manning", "Prediction": 22.512727948277362}
{"Difference": 7.050005137596508, "Actual": 5.04, "Full Name": "Blake Bortles", "Prediction": 12.090005137596508}
{"Difference": 7.6017037246572485, "Actual": 18.24, "Full Name": "Aaron Rodgers", "Prediction": 25.841703724657247}
{"Difference": 9.037251279798728, "Actual": 4.46, "Full Name": "Ryan Fitzpatrick", "Prediction": 13.497251279798729}
{"Difference": 9.144438569676591, "Actual": 7.24, "Full Name": "Logan Thomas", "Prediction": -1.9044385696765904}
{"Difference": 9.53734463442028, "Actual": 12.72, "Full Name": "Ben Roethlisberger", "Prediction": 22.25734463442028}
{"Difference": 9.847324708693646, "Actual": 21.88, "Full Name": "Brian Hoyer", "Prediction": 12.032675291306353}
{"Difference": 10.03379503766282, "Actual": 11.64, "Full Name": "Matthew Stafford", "Prediction": 21.67379503766282}
{"Difference": 11.558404475478106, "Actual": 34.24, "Full Name": "Russell Wilson", "Prediction": 22.681595524521896}
{"Difference": 12.562891603508525, "Actual": 19.68, "Full Name": "Andrew Luck", "Prediction": 32.242891603508525}
{"Difference": 13.65525410398049, "Actual": -0.62, "Full Name": "Geno Smith", "Prediction": 13.03525410398049}
{"Difference": 13.844180139813396, "Actual": 26.0, "Full Name": "Austin Davis", "Prediction": 12.155819860186604}
{"Difference": 14.998589183519574, "Actual": 16.74, "Full Name": "Drew Brees", "Prediction": 31.738589183519572}
{"Difference": 15.420960622060022, "Actual": 12.38, "Full Name": "Christian Ponder", "Prediction": -3.040960622060021}
{"Difference": 19.128435351673108, "Actual": 15.66, "Full Name": "Charlie Whitehurst", "Prediction": -3.468435351673108}
