{"Difference": 0.10515110971775954, "Actual": 15.96, "Full Name": "Alex Smith", "Prediction": 15.854848890282241}
{"Difference": 0.12653075916522205, "Actual": 12.34, "Full Name": "Cam Newton", "Prediction": 12.466530759165222}
{"Difference": 0.7245542843726405, "Actual": 27.72, "Full Name": "Tom Brady", "Prediction": 26.99544571562736}
{"Difference": 0.7468317274768506, "Actual": 12.58, "Full Name": "Mark Sanchez", "Prediction": 11.83316827252315}
{"Difference": 0.7765877492809334, "Actual": 12.66, "Full Name": "Derek Carr", "Prediction": 11.883412250719067}
{"Difference": 0.9226469253538134, "Actual": 19.76, "Full Name": "Carson Palmer", "Prediction": 18.837353074646188}
{"Difference": 1.0555119334629968, "Actual": 16.1, "Full Name": "Mike Glennon", "Prediction": 15.044488066537005}
{"Difference": 1.192513441010334, "Actual": 22.16, "Full Name": "Eli Manning", "Prediction": 20.967486558989666}
{"Difference": 1.4911836899025435, "Actual": 14.44, "Full Name": "Robert Griffin III", "Prediction": 12.948816310097456}
{"Difference": 1.5490086324832966, "Actual": 30.66, "Full Name": "Andrew Luck", "Prediction": 32.2090086324833}
{"Difference": 2.5408955488528306, "Actual": 15.9, "Full Name": "Brian Hoyer", "Prediction": 13.35910445114717}
{"Difference": 3.0639088706463875, "Actual": 2.6, "Full Name": "Joe Webb", "Prediction": -0.46390887064638764}
{"Difference": 3.807364326921311, "Actual": 18.32, "Full Name": "Joe Flacco", "Prediction": 14.51263567307869}
{"Difference": 3.8636052017744493, "Actual": 14.42, "Full Name": "Andy Dalton", "Prediction": 18.28360520177445}
{"Difference": 3.868480142474115, "Actual": 0.4, "Full Name": "Kellen Clemens", "Prediction": -3.468480142474115}
{"Difference": 4.096390707453407, "Actual": 16.88, "Full Name": "Blake Bortles", "Prediction": 12.783609292546592}
{"Difference": 4.297908445297622, "Actual": 0.84, "Full Name": "Matt Moore", "Prediction": -3.457908445297622}
{"Difference": 5.140760903225358, "Actual": 1.76, "Full Name": "Matt Simms", "Prediction": -3.380760903225358}
{"Difference": 5.511770091059663, "Actual": 19.02, "Full Name": "Ryan Fitzpatrick", "Prediction": 13.508229908940336}
{"Difference": 5.753337502522337, "Actual": 5.1, "Full Name": "Austin Davis", "Prediction": 10.853337502522336}
{"Difference": 6.387598769638721, "Actual": 16.72, "Full Name": "Teddy Bridgewater", "Prediction": 10.332401230361278}
{"Difference": 9.77724640266742, "Actual": 7.06, "Full Name": "Nick Foles", "Prediction": 16.837246402667418}
{"Difference": 10.47278159536031, "Actual": 21.82, "Full Name": "Peyton Manning", "Prediction": 32.29278159536031}
{"Difference": 10.55427500887973, "Actual": 10.88, "Full Name": "Colin Kaepernick", "Prediction": 21.43427500887973}
{"Difference": 10.94095898545148, "Actual": 35.7, "Full Name": "Ben Roethlisberger", "Prediction": 24.759041014548522}
{"Difference": 10.9717296998702, "Actual": 7.52, "Full Name": "Brandon Weeden", "Prediction": -3.451729699870201}
{"Difference": 11.055603694619503, "Actual": 28.22, "Full Name": "Ryan Tannehill", "Prediction": 17.164396305380496}
{"Difference": 12.877639612751524, "Actual": 10.26, "Full Name": "Russell Wilson", "Prediction": 23.137639612751524}
{"Difference": 13.636625389518564, "Actual": 18.08, "Full Name": "Drew Brees", "Prediction": 31.716625389518562}
{"Difference": 14.13178785745982, "Actual": 13.64, "Full Name": "Michael Vick", "Prediction": -0.49178785745981934}
{"Difference": 26.14903748890494, "Actual": -2.18, "Full Name": "Philip Rivers", "Prediction": 23.96903748890494}
