{"Difference": 0.23316350212430592, "Actual": 22.22, "Full Name": "Russell Wilson", "Prediction": 21.986836497875693}
{"Difference": 0.25359529477814036, "Actual": 13.84, "Full Name": "Mark Sanchez", "Prediction": 13.58640470522186}
{"Difference": 0.5482413333021867, "Actual": 12.38, "Full Name": "Robert Griffin III", "Prediction": 12.928241333302187}
{"Difference": 0.7670425222401285, "Actual": 14.12, "Full Name": "Colin Kaepernick", "Prediction": 14.887042522240128}
{"Difference": 1.1784087877164264, "Actual": 15.12, "Full Name": "Matt Ryan", "Prediction": 16.298408787716426}
{"Difference": 1.9880592547678066, "Actual": 8.52, "Full Name": "Teddy Bridgewater", "Prediction": 10.508059254767806}
{"Difference": 2.0741553881860706, "Actual": -0.2, "Full Name": "Jimmy Garoppolo", "Prediction": -2.2741553881860708}
{"Difference": 2.1819281990851707, "Actual": 16.8, "Full Name": "Ryan Tannehill", "Prediction": 18.98192819908517}
{"Difference": 2.275758214922284, "Actual": 28.84, "Full Name": "Aaron Rodgers", "Prediction": 31.115758214922284}
{"Difference": 3.193045663046721, "Actual": 23.3, "Full Name": "Jay Cutler", "Prediction": 20.10695433695328}
{"Difference": 3.9723636440420442, "Actual": 14.6, "Full Name": "Brian Hoyer", "Prediction": 10.627636355957955}
{"Difference": 4.208612375928249, "Actual": 0.74, "Full Name": "Matt Flynn", "Prediction": -3.4686123759282492}
{"Difference": 5.033659769646292, "Actual": 18.68, "Full Name": "Cam Newton", "Prediction": 13.646340230353708}
{"Difference": 6.989443220572886, "Actual": 7.92, "Full Name": "Kyle Orton", "Prediction": 14.909443220572886}
{"Difference": 8.633958862006473, "Actual": 22.0, "Full Name": "Andy Dalton", "Prediction": 13.366041137993527}
{"Difference": 8.705911645942372, "Actual": 4.88, "Full Name": "Derek Carr", "Prediction": 13.585911645942371}
{"Difference": 9.0749406060556, "Actual": 11.62, "Full Name": "Philip Rivers", "Prediction": 20.6949406060556}
{"Difference": 11.686811524300968, "Actual": 4.22, "Full Name": "Alex Smith", "Prediction": 15.906811524300966}
{"Difference": 12.455101628943257, "Actual": 10.48, "Full Name": "Ben Roethlisberger", "Prediction": 22.935101628943258}
{"Difference": 12.604757921163586, "Actual": 19.62, "Full Name": "Andrew Luck", "Prediction": 32.22475792116359}
{"Difference": 12.72940860676163, "Actual": 16.52, "Full Name": "Zach Mettenberger", "Prediction": 3.7905913932383695}
{"Difference": 13.010266958622463, "Actual": 5.2, "Full Name": "Eli Manning", "Prediction": 18.210266958622462}
{"Difference": 13.557178646498766, "Actual": 5.32, "Full Name": "Matthew Stafford", "Prediction": 18.877178646498766}
{"Difference": 14.63020796441033, "Actual": 14.08, "Full Name": "Tom Brady", "Prediction": 28.71020796441033}
{"Difference": 16.269944877818887, "Actual": 12.8, "Full Name": "Shaun Hill", "Prediction": -3.469944877818884}
{"Difference": 16.71007128522368, "Actual": 14.5, "Full Name": "Drew Brees", "Prediction": 31.21007128522368}
{"Difference": 16.82813166653932, "Actual": 15.46, "Full Name": "Peyton Manning", "Prediction": 32.28813166653932}
{"Difference": 17.606471374127725, "Actual": 14.14, "Full Name": "Ryan Mallett", "Prediction": -3.466471374127726}
{"Difference": 17.826128584884103, "Actual": 20.32, "Full Name": "Josh McCown", "Prediction": 2.4938714151158967}
{"Difference": 19.296752962633413, "Actual": 15.84, "Full Name": "Drew Stanton", "Prediction": -3.4567529626334133}
