{"Difference": 0.030922673342088203, "Actual": 12.64, "Full Name": "Geno Smith", "Prediction": 12.609077326657912}
{"Difference": 0.21248242353871435, "Actual": 0.0, "Full Name": "Michael Vick", "Prediction": 0.21248242353871435}
{"Difference": 0.26026836645154106, "Actual": 13.24, "Full Name": "Ryan Fitzpatrick", "Prediction": 13.500268366451541}
{"Difference": 0.9768862158833524, "Actual": 16.5, "Full Name": "Joe Flacco", "Prediction": 15.523113784116648}
{"Difference": 0.9947537177528822, "Actual": 12.92, "Full Name": "Ryan Tannehill", "Prediction": 13.914753717752882}
{"Difference": 1.8898593744869387, "Actual": 14.02, "Full Name": "Josh McCown", "Prediction": 12.13014062551306}
{"Difference": 2.137574614954916, "Actual": 17.96, "Full Name": "Jay Cutler", "Prediction": 15.822425385045085}
{"Difference": 2.2973224561456043, "Actual": 17.44, "Full Name": "Chad Henne", "Prediction": 15.142677543854397}
{"Difference": 2.3264062476822662, "Actual": 16.82, "Full Name": "EJ Manuel", "Prediction": 14.493593752317734}
{"Difference": 3.036990235456699, "Actual": 13.0, "Full Name": "Brian Hoyer", "Prediction": 9.963009764543301}
{"Difference": 3.2451504461485996, "Actual": 13.94, "Full Name": "Derek Carr", "Prediction": 10.6948495538514}
{"Difference": 3.395110126070511, "Actual": 18.54, "Full Name": "Russell Wilson", "Prediction": 15.144889873929488}
{"Difference": 3.688467577595084, "Actual": 17.4, "Full Name": "Ben Roethlisberger", "Prediction": 21.088467577595083}
{"Difference": 4.018411013072683, "Actual": 16.34, "Full Name": "Andy Dalton", "Prediction": 20.358411013072683}
{"Difference": 4.125986533196887, "Actual": 17.14, "Full Name": "Colin Kaepernick", "Prediction": 21.265986533196887}
{"Difference": 4.58796346018807, "Actual": 1.14, "Full Name": "Shaun Hill", "Prediction": -3.44796346018807}
{"Difference": 4.6936387913181346, "Actual": 14.88, "Full Name": "Nick Foles", "Prediction": 19.573638791318135}
{"Difference": 5.02580103135471, "Actual": 14.6, "Full Name": "Matt Cassel", "Prediction": 9.57419896864529}
{"Difference": 5.3256451767509, "Actual": 26.7, "Full Name": "Andrew Luck", "Prediction": 32.0256451767509}
{"Difference": 5.348266817123497, "Actual": 21.06, "Full Name": "Carson Palmer", "Prediction": 15.711733182876502}
{"Difference": 6.039430439880125, "Actual": 5.68, "Full Name": "Austin Davis", "Prediction": 11.719430439880124}
{"Difference": 6.052540565659051, "Actual": 8.88, "Full Name": "Robert Griffin III", "Prediction": 14.932540565659052}
{"Difference": 6.2246234636886495, "Actual": 20.04, "Full Name": "Jake Locker", "Prediction": 13.81537653631135}
{"Difference": 8.284742104421664, "Actual": 6.52, "Full Name": "Eli Manning", "Prediction": 14.804742104421663}
{"Difference": 9.82709201619194, "Actual": 22.46, "Full Name": "Peyton Manning", "Prediction": 32.28709201619194}
{"Difference": 9.923180365372538, "Actual": 28.04, "Full Name": "Matthew Stafford", "Prediction": 18.11681963462746}
{"Difference": 10.132294610969005, "Actual": 12.52, "Full Name": "Philip Rivers", "Prediction": 22.652294610969005}
{"Difference": 10.270170673377011, "Actual": 9.24, "Full Name": "Tony Romo", "Prediction": 19.51017067337701}
{"Difference": 10.989254070826675, "Actual": 9.68, "Full Name": "Alex Smith", "Prediction": 20.669254070826675}
{"Difference": 12.828449763896977, "Actual": 31.42, "Full Name": "Matt Ryan", "Prediction": 18.591550236103025}
{"Difference": 13.988774325890546, "Actual": 15.52, "Full Name": "Drew Brees", "Prediction": 29.508774325890545}
{"Difference": 14.772057884511009, "Actual": 10.26, "Full Name": "Tom Brady", "Prediction": 25.03205788451101}
{"Difference": 16.609812502376606, "Actual": 9.56, "Full Name": "Aaron Rodgers", "Prediction": 26.169812502376605}
{"Difference": 21.656466095872695, "Actual": 18.2, "Full Name": "Derek Anderson", "Prediction": -3.456466095872695}
