{"Difference": 0.3093883405468212, "Actual": 16.06, "Full Name": "Matthew Stafford", "Prediction": 16.36938834054682}
{"Difference": 0.3677029302577898, "Actual": 0.6, "Full Name": "Michael Vick", "Prediction": 0.23229706974221023}
{"Difference": 0.40170921401559134, "Actual": 15.22, "Full Name": "Kyle Orton", "Prediction": 15.621709214015592}
{"Difference": 0.5163538344186325, "Actual": 14.72, "Full Name": "Joe Flacco", "Prediction": 15.236353834418633}
{"Difference": 0.9227525551783327, "Actual": 14.3, "Full Name": "Cam Newton", "Prediction": 15.222752555178333}
{"Difference": 1.1445301548182059, "Actual": 16.9, "Full Name": "Ben Roethlisberger", "Prediction": 18.044530154818204}
{"Difference": 1.8001606540405106, "Actual": 21.66, "Full Name": "Tony Romo", "Prediction": 19.85983934595949}
{"Difference": 2.0337673243005767, "Actual": 23.02, "Full Name": "Eli Manning", "Prediction": 20.986232675699423}
{"Difference": 2.388153246618815, "Actual": 15.74, "Full Name": "Alex Smith", "Prediction": 18.128153246618815}
{"Difference": 2.7770131293038975, "Actual": 13.88, "Full Name": "Austin Davis", "Prediction": 16.6570131293039}
{"Difference": 2.906819792578766, "Actual": 0.0, "Full Name": "Brock Osweiler", "Prediction": -2.906819792578766}
{"Difference": 3.031488348732303, "Actual": 16.12, "Full Name": "Carson Palmer", "Prediction": 19.151488348732304}
{"Difference": 3.1699892415342346, "Actual": -0.3, "Full Name": "Matt Flynn", "Prediction": -3.4699892415342344}
{"Difference": 3.4021989557011416, "Actual": 22.44, "Full Name": "Tom Brady", "Prediction": 25.842198955701143}
{"Difference": 3.672617345964955, "Actual": 28.62, "Full Name": "Peyton Manning", "Prediction": 32.292617345964956}
{"Difference": 3.7389120568243825, "Actual": 24.3, "Full Name": "Aaron Rodgers", "Prediction": 28.038912056824383}
{"Difference": 3.9141887528161448, "Actual": 16.74, "Full Name": "Geno Smith", "Prediction": 12.825811247183854}
{"Difference": 3.9686322652629924, "Actual": 7.12, "Full Name": "Derek Carr", "Prediction": 11.088632265262993}
{"Difference": 4.314305682644111, "Actual": 6.98, "Full Name": "Teddy Bridgewater", "Prediction": 11.294305682644111}
{"Difference": 4.618971404613577, "Actual": 18.08, "Full Name": "Ryan Fitzpatrick", "Prediction": 13.461028595386422}
{"Difference": 6.390405767429792, "Actual": 8.06, "Full Name": "Blake Bortles", "Prediction": 14.450405767429793}
{"Difference": 6.61539985923177, "Actual": 4.5, "Full Name": "Brian Hoyer", "Prediction": 11.11539985923177}
{"Difference": 7.16646974845726, "Actual": 14.32, "Full Name": "Colin Kaepernick", "Prediction": 21.48646974845726}
{"Difference": 7.255433002544812, "Actual": 11.82, "Full Name": "Matt Ryan", "Prediction": 19.075433002544813}
{"Difference": 7.3686849784475505, "Actual": 23.88, "Full Name": "Ryan Tannehill", "Prediction": 16.51131502155245}
{"Difference": 9.182749070594097, "Actual": 5.72, "Full Name": "Derek Anderson", "Prediction": -3.4627490705940978}
{"Difference": 9.417401656167769, "Actual": 6.02, "Full Name": "Blaine Gabbert", "Prediction": -3.3974016561677702}
{"Difference": 10.283966118379176, "Actual": 14.2, "Full Name": "Philip Rivers", "Prediction": 24.483966118379175}
{"Difference": 10.80653044265393, "Actual": 20.98, "Full Name": "Drew Brees", "Prediction": 31.78653044265393}
{"Difference": 11.963532936160401, "Actual": 20.26, "Full Name": "Andrew Luck", "Prediction": 32.2235329361604}
{"Difference": 12.281775754877685, "Actual": 5.04, "Full Name": "Andy Dalton", "Prediction": 17.321775754877685}
{"Difference": 12.73866412195101, "Actual": 9.42, "Full Name": "Colt McCoy", "Prediction": -3.31866412195101}
{"Difference": 13.265312572997717, "Actual": 7.9, "Full Name": "Jay Cutler", "Prediction": 21.165312572997717}
{"Difference": 13.938541860575773, "Actual": 1.56, "Full Name": "Kirk Cousins", "Prediction": 15.498541860575774}
{"Difference": 14.33179226075972, "Actual": 37.12, "Full Name": "Russell Wilson", "Prediction": 22.788207739240278}
{"Difference": 16.8654287874315, "Actual": 13.4, "Full Name": "Charlie Whitehurst", "Prediction": -3.4654287874314993}
