{"Difference": 0.04623309580968414, "Actual": 0.0, "Full Name": "Michael Vick", "Prediction": 0.04623309580968414}
{"Difference": 0.10793048962366214, "Actual": 13.56, "Full Name": "Ryan Fitzpatrick", "Prediction": 13.452069510376338}
{"Difference": 0.35239366656898774, "Actual": 14.94, "Full Name": "Joe Flacco", "Prediction": 14.587606333431012}
{"Difference": 0.39409999045658495, "Actual": 26.64, "Full Name": "Aaron Rodgers", "Prediction": 26.245900009543416}
{"Difference": 0.7646136549097888, "Actual": 0.0, "Full Name": "Johnny Manziel", "Prediction": -0.7646136549097888}
{"Difference": 0.9982893847117094, "Actual": 12.74, "Full Name": "Ryan Tannehill", "Prediction": 13.73828938471171}
{"Difference": 1.532731023209914, "Actual": 12.16, "Full Name": "Brian Hoyer", "Prediction": 10.627268976790086}
{"Difference": 1.6331698243969122, "Actual": 17.88, "Full Name": "Russell Wilson", "Prediction": 19.51316982439691}
{"Difference": 1.6986482521427178, "Actual": 17.44, "Full Name": "Nick Foles", "Prediction": 15.741351747857284}
{"Difference": 1.7984615006805171, "Actual": 12.68, "Full Name": "EJ Manuel", "Prediction": 14.478461500680517}
{"Difference": 1.9054819046541187, "Actual": 15.58, "Full Name": "Eli Manning", "Prediction": 13.674518095345881}
{"Difference": 1.9665817089246094, "Actual": 6.48, "Full Name": "Drew Stanton", "Prediction": 8.44658170892461}
{"Difference": 2.342057439967917, "Actual": 14.68, "Full Name": "Andy Dalton", "Prediction": 17.022057439967917}
{"Difference": 2.5504649849081833, "Actual": 14.4, "Full Name": "Alex Smith", "Prediction": 16.950464984908184}
{"Difference": 2.80316204281187, "Actual": 25.06, "Full Name": "Philip Rivers", "Prediction": 22.25683795718813}
{"Difference": 3.344023188858024, "Actual": -0.1, "Full Name": "Ryan Mallett", "Prediction": -3.444023188858024}
{"Difference": 3.78416319029097, "Actual": 11.42, "Full Name": "Chad Henne", "Prediction": 15.20416319029097}
{"Difference": 4.16269019623012, "Actual": 10.26, "Full Name": "Jake Locker", "Prediction": 14.42269019623012}
{"Difference": 4.467732441463147, "Actual": 17.14, "Full Name": "Cam Newton", "Prediction": 12.672267558536854}
{"Difference": 5.0037936396446785, "Actual": 17.64, "Full Name": "Geno Smith", "Prediction": 12.636206360355322}
{"Difference": 5.163936998160663, "Actual": 14.44, "Full Name": "Matthew Stafford", "Prediction": 19.603936998160663}
{"Difference": 5.474631398857216, "Actual": 5.68, "Full Name": "Matt Cassel", "Prediction": 11.154631398857216}
{"Difference": 5.97843709831982, "Actual": 9.4, "Full Name": "Austin Davis", "Prediction": 3.42156290168018}
{"Difference": 6.415423576678979, "Actual": 11.04, "Full Name": "Tony Romo", "Prediction": 17.455423576678978}
{"Difference": 7.032828559736302, "Actual": 25.54, "Full Name": "Jay Cutler", "Prediction": 18.507171440263697}
{"Difference": 7.220431923090537, "Actual": 16.32, "Full Name": "Derek Carr", "Prediction": 9.099568076909463}
{"Difference": 9.068527106684972, "Actual": 12.52, "Full Name": "Colin Kaepernick", "Prediction": 21.58852710668497}
{"Difference": 9.287360092561952, "Actual": 3.72, "Full Name": "Robert Griffin III", "Prediction": 13.007360092561953}
{"Difference": 10.126265121515242, "Actual": 10.04, "Full Name": "Matt Ryan", "Prediction": 20.16626512151524}
{"Difference": 10.64786468332225, "Actual": 17.9, "Full Name": "Kirk Cousins", "Prediction": 7.252135316677749}
{"Difference": 10.675476385220584, "Actual": 21.58, "Full Name": "Peyton Manning", "Prediction": 32.25547638522058}
{"Difference": 10.925285563701728, "Actual": 17.76, "Full Name": "Josh McCown", "Prediction": 6.834714436298275}
{"Difference": 12.908514180788938, "Actual": 6.68, "Full Name": "Ben Roethlisberger", "Prediction": 19.588514180788938}
{"Difference": 13.395064887071886, "Actual": 18.88, "Full Name": "Andrew Luck", "Prediction": 32.275064887071885}
{"Difference": 14.42042033777353, "Actual": 15.78, "Full Name": "Drew Brees", "Prediction": 30.20042033777353}
{"Difference": 16.108980583936525, "Actual": 9.96, "Full Name": "Tom Brady", "Prediction": 26.068980583936526}
