{"Difference": 0.38180914811399, "Actual": 6.26, "Full Name": "Brandon Weeden", "Prediction": 5.87819085188601}
{"Difference": 0.6233594241450575, "Actual": 17.68, "Full Name": "Jay Cutler", "Prediction": 18.303359424145057}
{"Difference": 0.7685568512688672, "Actual": 14.28, "Full Name": "Ryan Fitzpatrick", "Prediction": 13.511443148731132}
{"Difference": 0.7984692421601398, "Actual": 11.64, "Full Name": "Blake Bortles", "Prediction": 12.43846924216014}
{"Difference": 1.1004185408954643, "Actual": -2.0, "Full Name": "Matt Schaub", "Prediction": -3.1004185408954643}
{"Difference": 1.7899519458376665, "Actual": -1.68, "Full Name": "Matt Flynn", "Prediction": -3.4699519458376664}
{"Difference": 1.9742082333377908, "Actual": 21.16, "Full Name": "Carson Palmer", "Prediction": 19.18579176666221}
{"Difference": 2.039839258022276, "Actual": 13.94, "Full Name": "Teddy Bridgewater", "Prediction": 11.900160741977723}
{"Difference": 2.12240625752748, "Actual": 24.82, "Full Name": "Aaron Rodgers", "Prediction": 26.94240625752748}
{"Difference": 2.176364697560059, "Actual": 15.72, "Full Name": "Matt Ryan", "Prediction": 17.89636469756006}
{"Difference": 2.3505443052145907, "Actual": 19.9, "Full Name": "Matthew Stafford", "Prediction": 17.549455694785408}
{"Difference": 2.544232629107414, "Actual": 10.14, "Full Name": "Mike Glennon", "Prediction": 12.684232629107415}
{"Difference": 2.670016925366802, "Actual": 2.7, "Full Name": "Joe Webb", "Prediction": 0.029983074633198544}
{"Difference": 3.0382267104488037, "Actual": 0.78, "Full Name": "Jimmy Garoppolo", "Prediction": -2.2582267104488034}
{"Difference": 3.3210192218532484, "Actual": 19.78, "Full Name": "Philip Rivers", "Prediction": 23.10101922185325}
{"Difference": 3.4361680410283277, "Actual": 14.64, "Full Name": "Ryan Tannehill", "Prediction": 18.07616804102833}
{"Difference": 3.45280622417172, "Actual": 8.5, "Full Name": "Austin Davis", "Prediction": 11.95280622417172}
{"Difference": 3.56857407828916, "Actual": 20.04, "Full Name": "Andy Dalton", "Prediction": 16.47142592171084}
{"Difference": 3.7714543082448557, "Actual": 14.82, "Full Name": "Derek Carr", "Prediction": 11.048545691755145}
{"Difference": 3.833200428192876, "Actual": 0.88, "Full Name": "Jimmy Clausen", "Prediction": -2.953200428192876}
{"Difference": 4.349698913352329, "Actual": 15.1, "Full Name": "Brian Hoyer", "Prediction": 10.75030108664767}
{"Difference": 5.449995882136879, "Actual": 21.84, "Full Name": "Nick Foles", "Prediction": 16.39000411786312}
{"Difference": 5.678727109720889, "Actual": 26.6, "Full Name": "Andrew Luck", "Prediction": 32.27872710972089}
{"Difference": 6.795035844594496, "Actual": 7.02, "Full Name": "Michael Vick", "Prediction": 0.22496415540550335}
{"Difference": 6.796542063271474, "Actual": 25.04, "Full Name": "Drew Brees", "Prediction": 31.836542063271473}
{"Difference": 6.930283369372612, "Actual": 9.44, "Full Name": "Alex Smith", "Prediction": 16.37028336937261}
{"Difference": 7.041998151660948, "Actual": 34.16, "Full Name": "Tom Brady", "Prediction": 27.11800184833905}
{"Difference": 8.691631198315065, "Actual": 12.46, "Full Name": "Tony Romo", "Prediction": 21.151631198315066}
{"Difference": 8.822366468498185, "Actual": 23.44, "Full Name": "Peyton Manning", "Prediction": 32.262366468498186}
{"Difference": 9.515858834196175, "Actual": 5.0, "Full Name": "Joe Flacco", "Prediction": 14.515858834196175}
{"Difference": 9.741982808855234, "Actual": 5.24, "Full Name": "Cam Newton", "Prediction": 14.981982808855234}
{"Difference": 9.921745018523538, "Actual": 13.46, "Full Name": "Russell Wilson", "Prediction": 23.38174501852354}
{"Difference": 10.49003219861512, "Actual": 26.12, "Full Name": "Kyle Orton", "Prediction": 15.62996780138488}
{"Difference": 19.230364102381365, "Actual": 15.86, "Full Name": "Zach Mettenberger", "Prediction": -3.370364102381367}
{"Difference": 19.746333576695854, "Actual": -5.8, "Full Name": "Geno Smith", "Prediction": 13.946333576695855}
{"Difference": 21.028583197204952, "Actual": 17.56, "Full Name": "Colt McCoy", "Prediction": -3.4685831972049552}
{"Difference": 22.168745740654483, "Actual": 44.78, "Full Name": "Ben Roethlisberger", "Prediction": 22.611254259345518}
