{"Difference": 0.21252416840625798, "Actual": 12.68, "Full Name": "Brian Hoyer", "Prediction": 12.892524168406258}
{"Difference": 0.32864486154875117, "Actual": 15.96, "Full Name": "Kyle Orton", "Prediction": 15.63135513845125}
{"Difference": 0.33096339771509165, "Actual": 25.82, "Full Name": "Philip Rivers", "Prediction": 25.48903660228491}
{"Difference": 0.6418932209017392, "Actual": 20.34, "Full Name": "Jay Cutler", "Prediction": 20.98189322090174}
{"Difference": 1.2837594681416125, "Actual": 16.16, "Full Name": "Kirk Cousins", "Prediction": 14.876240531858388}
{"Difference": 1.9905284203218283, "Actual": 14.42, "Full Name": "Nick Foles", "Prediction": 16.41052842032183}
{"Difference": 2.1463533791627967, "Actual": 17.7, "Full Name": "Carson Palmer", "Prediction": 19.846353379162796}
{"Difference": 2.21713848220052, "Actual": 14.7, "Full Name": "Geno Smith", "Prediction": 12.48286151779948}
{"Difference": 2.276835611835203, "Actual": 19.42, "Full Name": "Andy Dalton", "Prediction": 17.1431643881648}
{"Difference": 2.5010199212310056, "Actual": 10.98, "Full Name": "Ryan Fitzpatrick", "Prediction": 13.481019921231006}
{"Difference": 2.7143149267462316, "Actual": 2.4, "Full Name": "Ryan Nassib", "Prediction": -0.31431492674623174}
{"Difference": 2.9234008039183497, "Actual": 11.34, "Full Name": "Austin Davis", "Prediction": 14.26340080391835}
{"Difference": 2.930790822089923, "Actual": -0.3, "Full Name": "Tyrod Taylor", "Prediction": -3.2307908220899226}
{"Difference": 3.0206784407322864, "Actual": 25.96, "Full Name": "Aaron Rodgers", "Prediction": 28.980678440732287}
{"Difference": 3.173123639692397, "Actual": 18.14, "Full Name": "Ryan Tannehill", "Prediction": 14.966876360307603}
{"Difference": 4.4840913311999895, "Actual": 18.56, "Full Name": "Mike Glennon", "Prediction": 14.07590866880001}
{"Difference": 5.026539701410586, "Actual": 15.9, "Full Name": "Tony Romo", "Prediction": 20.926539701410587}
{"Difference": 7.64449932861195, "Actual": 24.6, "Full Name": "Andrew Luck", "Prediction": 32.24449932861195}
{"Difference": 7.85706451430484, "Actual": 12.74, "Full Name": "Matt Ryan", "Prediction": 20.59706451430484}
{"Difference": 8.04773923509783, "Actual": 2.62, "Full Name": "Teddy Bridgewater", "Prediction": 10.66773923509783}
{"Difference": 8.336795438846273, "Actual": 11.5, "Full Name": "Matthew Stafford", "Prediction": 19.836795438846273}
{"Difference": 8.743587374724019, "Actual": 19.24, "Full Name": "Blake Bortles", "Prediction": 10.49641262527598}
{"Difference": 10.796082829386496, "Actual": 11.82, "Full Name": "Ben Roethlisberger", "Prediction": 22.616082829386496}
{"Difference": 10.809838579060166, "Actual": 21.48, "Full Name": "Peyton Manning", "Prediction": 32.28983857906017}
{"Difference": 11.97362285375247, "Actual": 30.74, "Full Name": "Tom Brady", "Prediction": 18.766377146247528}
{"Difference": 12.250323819428708, "Actual": 29.42, "Full Name": "Colin Kaepernick", "Prediction": 17.169676180571294}
{"Difference": 12.781942536292725, "Actual": 9.42, "Full Name": "Charlie Whitehurst", "Prediction": -3.3619425362927244}
{"Difference": 14.171131843573436, "Actual": 10.24, "Full Name": "Russell Wilson", "Prediction": 24.411131843573436}
{"Difference": 14.277107489267625, "Actual": 6.34, "Full Name": "Eli Manning", "Prediction": 20.617107489267624}
{"Difference": 16.34186317049486, "Actual": 25.48, "Full Name": "Derek Carr", "Prediction": 9.138136829505141}
{"Difference": 17.353558524348124, "Actual": 32.24, "Full Name": "Joe Flacco", "Prediction": 14.886441475651877}
{"Difference": 20.455259756683997, "Actual": 34.06, "Full Name": "Cam Newton", "Prediction": 13.604740243316005}
