{"Difference": 0.11605155906005571, "Actual": 5.46, "Full Name": "Matt McGloin", "Prediction": 5.576051559060056}
{"Difference": 0.286520501147562, "Actual": 13.3, "Full Name": "EJ Manuel", "Prediction": 13.586520501147563}
{"Difference": 0.36910256518273243, "Actual": 20.12, "Full Name": "Matt Ryan", "Prediction": 20.489102565182733}
{"Difference": 0.43721134030573694, "Actual": 12.58, "Full Name": "Cam Newton", "Prediction": 13.017211340305737}
{"Difference": 1.1370628339573958, "Actual": 12.52, "Full Name": "Blake Bortles", "Prediction": 11.382937166042604}
{"Difference": 1.3655014739229419, "Actual": 12.12, "Full Name": "Ryan Fitzpatrick", "Prediction": 13.485501473922941}
{"Difference": 1.8311537546443866, "Actual": 20.52, "Full Name": "Colin Kaepernick", "Prediction": 18.688846245355613}
{"Difference": 2.2860194937598415, "Actual": 22.36, "Full Name": "Ben Roethlisberger", "Prediction": 20.073980506240158}
{"Difference": 2.5601846083745805, "Actual": 29.62, "Full Name": "Andrew Luck", "Prediction": 32.18018460837458}
{"Difference": 2.922837251833265, "Actual": 27.08, "Full Name": "Philip Rivers", "Prediction": 24.157162748166733}
{"Difference": 3.0347398189341135, "Actual": 28.88, "Full Name": "Aaron Rodgers", "Prediction": 25.845260181065886}
{"Difference": 3.261909292947691, "Actual": -0.2, "Full Name": "Matt Hasselbeck", "Prediction": -3.4619092929476913}
{"Difference": 3.267150070923866, "Actual": -0.2, "Full Name": "Matt Moore", "Prediction": -3.467150070923866}
{"Difference": 3.3919271911228357, "Actual": 0.36, "Full Name": "Jimmy Clausen", "Prediction": -3.031927191122836}
{"Difference": 3.532432987918508, "Actual": 22.72, "Full Name": "Alex Smith", "Prediction": 19.18756701208149}
{"Difference": 3.5358126358607294, "Actual": 8.74, "Full Name": "Derek Carr", "Prediction": 12.27581263586073}
{"Difference": 3.5937712909407615, "Actual": 17.14, "Full Name": "Jay Cutler", "Prediction": 20.733771290940762}
{"Difference": 4.441599907343541, "Actual": 18.08, "Full Name": "Mike Glennon", "Prediction": 13.638400092656457}
{"Difference": 4.682648816428944, "Actual": 8.76, "Full Name": "Geno Smith", "Prediction": 13.442648816428944}
{"Difference": 4.688960621319295, "Actual": 0.1, "Full Name": "Christian Ponder", "Prediction": 4.788960621319295}
{"Difference": 5.92588895666786, "Actual": -1.32, "Full Name": "Zach Mettenberger", "Prediction": 4.60588895666786}
{"Difference": 6.308832626024425, "Actual": 2.84, "Full Name": "Derek Anderson", "Prediction": -3.468832626024425}
{"Difference": 6.452855330462146, "Actual": 20.62, "Full Name": "Ryan Tannehill", "Prediction": 14.167144669537855}
{"Difference": 6.8204117243676805, "Actual": 20.2, "Full Name": "Drew Brees", "Prediction": 27.02041172436768}
{"Difference": 7.144383346616166, "Actual": 26.52, "Full Name": "Matthew Stafford", "Prediction": 19.375616653383833}
{"Difference": 7.972855252395352, "Actual": 24.48, "Full Name": "Tony Romo", "Prediction": 16.50714474760465}
{"Difference": 8.393263757252157, "Actual": 6.8, "Full Name": "Jimmy Garoppolo", "Prediction": -1.5932637572521566}
{"Difference": 10.076891245843196, "Actual": 5.48, "Full Name": "Kirk Cousins", "Prediction": 15.556891245843197}
{"Difference": 11.294334835455064, "Actual": 25.38, "Full Name": "Joe Flacco", "Prediction": 14.085665164544935}
{"Difference": 13.102700728199943, "Actual": 3.9, "Full Name": "Nick Foles", "Prediction": 17.002700728199944}
{"Difference": 13.566491581800495, "Actual": 32.1, "Full Name": "Eli Manning", "Prediction": 18.533508418199506}
{"Difference": 16.540427163470163, "Actual": 13.08, "Full Name": "Charlie Whitehurst", "Prediction": -3.460427163470162}
{"Difference": 17.43347146306386, "Actual": 4.36, "Full Name": "Tom Brady", "Prediction": 21.79347146306386}
{"Difference": 18.61427556013492, "Actual": 21.38, "Full Name": "Teddy Bridgewater", "Prediction": 2.765724439865078}
