{"Difference": 0.055193951451826706, "Actual": 19.58, "Full Name": "Russell Wilson", "Prediction": 19.635193951451825}
{"Difference": 0.09127533643584673, "Actual": 6.64, "Full Name": "Austin Davis", "Prediction": 6.548724663564153}
{"Difference": 0.20018191678553876, "Actual": 14.66, "Full Name": "Kyle Orton", "Prediction": 14.860181916785539}
{"Difference": 0.3375179907091663, "Actual": 21.84, "Full Name": "Tony Romo", "Prediction": 21.502482009290834}
{"Difference": 0.42718349259545896, "Actual": 12.84, "Full Name": "Cam Newton", "Prediction": 12.412816507404541}
{"Difference": 0.6993344823519916, "Actual": 15.58, "Full Name": "Alex Smith", "Prediction": 14.880665517648008}
{"Difference": 1.1791385551372051, "Actual": 0.28, "Full Name": "Jason Campbell", "Prediction": -0.899138555137205}
{"Difference": 1.35534188257372, "Actual": 11.68, "Full Name": "Derek Carr", "Prediction": 13.03534188257372}
{"Difference": 1.9766635258461949, "Actual": 1.6, "Full Name": "Joe Webb", "Prediction": -0.37666352584619484}
{"Difference": 2.2141588938972463, "Actual": 0.44, "Full Name": "Jimmy Clausen", "Prediction": -1.7741588938972461}
{"Difference": 2.4363071185866474, "Actual": 8.02, "Full Name": "Brian Hoyer", "Prediction": 10.456307118586647}
{"Difference": 2.4946760070150233, "Actual": 17.1, "Full Name": "Matthew Stafford", "Prediction": 19.594676007015025}
{"Difference": 2.6957931198674956, "Actual": 29.6, "Full Name": "Peyton Manning", "Prediction": 32.2957931198675}
{"Difference": 2.7019513365413683, "Actual": 12.8, "Full Name": "Colin Kaepernick", "Prediction": 15.501951336541369}
{"Difference": 2.858525456657783, "Actual": 0.72, "Full Name": "Brock Osweiler", "Prediction": -2.1385254566577827}
{"Difference": 3.0038097710348506, "Actual": 10.56, "Full Name": "Joe Flacco", "Prediction": 13.563809771034851}
{"Difference": 3.034172386277689, "Actual": 13.66, "Full Name": "Matt Ryan", "Prediction": 16.69417238627769}
{"Difference": 3.259310913947635, "Actual": 0.02, "Full Name": "Brandon Weeden", "Prediction": -3.239310913947635}
{"Difference": 3.362528714748192, "Actual": 0.0, "Full Name": "Matt Barkley", "Prediction": -3.362528714748192}
{"Difference": 3.6295055281527455, "Actual": 0.16, "Full Name": "Matt Flynn", "Prediction": -3.4695055281527454}
{"Difference": 5.323714666456233, "Actual": 9.9, "Full Name": "Blake Bortles", "Prediction": 15.223714666456234}
{"Difference": 5.771043490035662, "Actual": 36.6, "Full Name": "Aaron Rodgers", "Prediction": 30.82895650996434}
{"Difference": 7.15759234958791, "Actual": 7.7, "Full Name": "Drew Stanton", "Prediction": 0.5424076504120905}
{"Difference": 9.290533545508032, "Actual": 9.16, "Full Name": "Zach Mettenberger", "Prediction": -0.1305335455080306}
{"Difference": 9.672567732809222, "Actual": 8.88, "Full Name": "Jay Cutler", "Prediction": 18.552567732809223}
{"Difference": 9.739425760418909, "Actual": 9.44, "Full Name": "Ryan Tannehill", "Prediction": 19.17942576041891}
{"Difference": 9.925744221538812, "Actual": 7.74, "Full Name": "Carson Palmer", "Prediction": 17.665744221538812}
{"Difference": 10.30180583042512, "Actual": 11.32, "Full Name": "Eli Manning", "Prediction": 21.62180583042512}
{"Difference": 10.32382527327542, "Actual": 21.18, "Full Name": "Mark Sanchez", "Prediction": 10.85617472672458}
{"Difference": 12.85657835672295, "Actual": 13.72, "Full Name": "Ben Roethlisberger", "Prediction": 26.57657835672295}
{"Difference": 13.450513939779164, "Actual": 18.38, "Full Name": "Drew Brees", "Prediction": 31.830513939779163}
{"Difference": 17.70734917736644, "Actual": 17.18, "Full Name": "Michael Vick", "Prediction": -0.5273491773664407}
{"Difference": 18.790997412696328, "Actual": -1.76, "Full Name": "Andy Dalton", "Prediction": 17.030997412696326}
{"Difference": 21.530948410912963, "Actual": 19.94, "Full Name": "Josh McCown", "Prediction": -1.5909484109129606}
