{"Difference": 0.17287489359089392, "Actual": 32.3, "Full Name": "Andrew Luck", "Prediction": 32.1271251064091}
{"Difference": 0.17652554265561704, "Actual": 0.3, "Full Name": "Michael Vick", "Prediction": 0.12347445734438293}
{"Difference": 0.2669672653731041, "Actual": -0.12, "Full Name": "Jason Campbell", "Prediction": 0.14696726537310412}
{"Difference": 0.30240170854617787, "Actual": 19.2, "Full Name": "Colin Kaepernick", "Prediction": 18.89759829145382}
{"Difference": 0.41046814013124333, "Actual": 12.7, "Full Name": "Cam Newton", "Prediction": 13.110468140131243}
{"Difference": 0.803052717130857, "Actual": 17.26, "Full Name": "Eli Manning", "Prediction": 16.456947282869145}
{"Difference": 1.4510318844863885, "Actual": 13.1, "Full Name": "Ryan Tannehill", "Prediction": 14.551031884486388}
{"Difference": 1.7471401218876323, "Actual": 22.02, "Full Name": "Russell Wilson", "Prediction": 20.272859878112367}
{"Difference": 1.840423381229698, "Actual": 14.64, "Full Name": "Geno Smith", "Prediction": 12.799576618770303}
{"Difference": 1.8638570140053528, "Actual": 8.7, "Full Name": "Teddy Bridgewater", "Prediction": 10.563857014005352}
{"Difference": 2.0497727711482305, "Actual": 15.92, "Full Name": "EJ Manuel", "Prediction": 13.87022722885177}
{"Difference": 2.7168657192529917, "Actual": 15.94, "Full Name": "Ben Roethlisberger", "Prediction": 18.65686571925299}
{"Difference": 2.8018423727851953, "Actual": 19.14, "Full Name": "Alex Smith", "Prediction": 16.338157627214805}
{"Difference": 2.8052176707296255, "Actual": 16.08, "Full Name": "Tony Romo", "Prediction": 18.885217670729624}
{"Difference": 3.0783697637467355, "Actual": 10.74, "Full Name": "Mike Glennon", "Prediction": 13.818369763746736}
{"Difference": 3.112136836396232, "Actual": 23.64, "Full Name": "Matt Ryan", "Prediction": 20.52786316360377}
{"Difference": 3.1407487121125968, "Actual": 19.34, "Full Name": "Philip Rivers", "Prediction": 22.480748712112597}
{"Difference": 3.1481262125320573, "Actual": 11.28, "Full Name": "Joe Flacco", "Prediction": 14.428126212532057}
{"Difference": 3.2069679230063297, "Actual": 16.0, "Full Name": "Brian Hoyer", "Prediction": 12.79303207699367}
{"Difference": 3.2381070182159863, "Actual": -0.2, "Full Name": "Bruce Gradkowski", "Prediction": -3.4381070182159865}
{"Difference": 3.5424792953256787, "Actual": 0.56, "Full Name": "T.J. Yates", "Prediction": -2.9824792953256787}
{"Difference": 3.7150734401170027, "Actual": 15.92, "Full Name": "Blake Bortles", "Prediction": 12.204926559882997}
{"Difference": 3.81957866804731, "Actual": 16.4, "Full Name": "Jay Cutler", "Prediction": 20.21957866804731}
{"Difference": 4.122177741304156, "Actual": 0.7, "Full Name": "Matt Hasselbeck", "Prediction": -3.422177741304156}
{"Difference": 5.249226134174442, "Actual": 8.4, "Full Name": "Jake Locker", "Prediction": 13.649226134174443}
{"Difference": 5.581844098009592, "Actual": 18.96, "Full Name": "Ryan Fitzpatrick", "Prediction": 13.378155901990409}
{"Difference": 5.601322867021363, "Actual": 12.86, "Full Name": "Andy Dalton", "Prediction": 18.461322867021362}
{"Difference": 7.376319034383786, "Actual": 4.96, "Full Name": "Derek Carr", "Prediction": 12.336319034383786}
{"Difference": 8.373033471344556, "Actual": 2.62, "Full Name": "Matt Cassel", "Prediction": 10.993033471344557}
{"Difference": 10.667625871844873, "Actual": 7.2, "Full Name": "Derek Anderson", "Prediction": -3.4676258718448727}
{"Difference": 10.787886418197965, "Actual": 26.2, "Full Name": "Nick Foles", "Prediction": 15.412113581802034}
{"Difference": 10.81488068687769, "Actual": 12.66, "Full Name": "Tom Brady", "Prediction": 23.47488068687769}
{"Difference": 11.803473635437463, "Actual": 0.32, "Full Name": "Josh McCown", "Prediction": 12.123473635437463}
{"Difference": 12.042760321681314, "Actual": 19.52, "Full Name": "Drew Brees", "Prediction": 31.562760321681314}
{"Difference": 12.49057963131651, "Actual": 20.98, "Full Name": "Austin Davis", "Prediction": 8.48942036868349}
{"Difference": 13.348607128091539, "Actual": 27.58, "Full Name": "Kirk Cousins", "Prediction": 14.23139287190846}
{"Difference": 13.417266003493959, "Actual": 1.32, "Full Name": "Chad Henne", "Prediction": 14.737266003493959}
{"Difference": 14.21393626925843, "Actual": 18.02, "Full Name": "Peyton Manning", "Prediction": 32.23393626925843}
{"Difference": 16.34995685121347, "Actual": 10.48, "Full Name": "Aaron Rodgers", "Prediction": 26.82995685121347}
{"Difference": 16.913684561408274, "Actual": 4.64, "Full Name": "Matthew Stafford", "Prediction": 21.553684561408275}
{"Difference": 22.827965398493223, "Actual": 19.36, "Full Name": "Drew Stanton", "Prediction": -3.4679653984932233}
