{"Diff": 0.03312244183168467, "Points": 8.3, "Pred_points": 8.333122441831685, "full_name": "JAC"}
{"Diff": 0.1194947517660534, "Points": 11.4, "Pred_points": 11.280505248233947, "full_name": "NYJ"}
{"Diff": 0.1587309299515991, "Points": 2.7, "Pred_points": 2.8587309299515993, "full_name": "NYJ"}
{"Diff": 0.24577253512399988, "Points": 6.8, "Pred_points": 6.554227464876, "full_name": "JAC"}
{"Diff": 0.24862480981258717, "Points": 2.4, "Pred_points": 2.1513751901874127, "full_name": "CLE"}
{"Diff": 0.2548878169465638, "Points": 11.3, "Pred_points": 11.045112183053437, "full_name": "NE"}
{"Diff": 0.310127728611928, "Points": 0.0, "Pred_points": -0.310127728611928, "full_name": "SD"}
{"Diff": 0.318489657466114, "Points": 3.5, "Pred_points": 3.181510342533886, "full_name": "CHI"}
{"Diff": 0.33534450846896924, "Points": 0.0, "Pred_points": -0.33534450846896924, "full_name": "TB"}
{"Diff": 0.35882733622696783, "Points": 5.0, "Pred_points": 5.358827336226968, "full_name": "PHI"}
{"Diff": 0.4508091000259995, "Points": 11.9, "Pred_points": 11.449190899974, "full_name": "GB"}
{"Diff": 0.5062606394263356, "Points": 0.8, "Pred_points": 1.3062606394263356, "full_name": "SEA"}
{"Diff": 0.6983366244519242, "Points": 13.6, "Pred_points": 12.901663375548075, "full_name": "CHI"}
{"Diff": 0.7191161338384147, "Points": 1.4, "Pred_points": 0.6808838661615852, "full_name": "MIA"}
{"Diff": 0.7194303060895489, "Points": 0.9, "Pred_points": 0.18056969391045108, "full_name": "NE"}
{"Diff": 0.7360811182715028, "Points": 3.4, "Pred_points": 2.663918881728497, "full_name": "CLE"}
{"Diff": 0.7445490250477276, "Points": 2.3, "Pred_points": 3.0445490250477274, "full_name": "TEN"}
{"Diff": 0.8136242553878488, "Points": 2.7, "Pred_points": 1.8863757446121514, "full_name": "SF"}
{"Diff": 0.818619755857052, "Points": 2.9, "Pred_points": 2.081380244142948, "full_name": "CLE"}
{"Diff": 0.8546449838808332, "Points": 1.1, "Pred_points": 1.9546449838808333, "full_name": "NYJ"}
{"Diff": 0.9289908282841437, "Points": 3.9, "Pred_points": 2.971009171715856, "full_name": "DET"}
{"Diff": 1.0124119069749478, "Points": 1.5, "Pred_points": 0.48758809302505224, "full_name": "STL"}
{"Diff": 1.021424856135129, "Points": 0.9, "Pred_points": -0.12142485613512881, "full_name": "PIT"}
{"Diff": 1.022820544459507, "Points": 2.6, "Pred_points": 1.577179455540493, "full_name": "JAC"}
{"Diff": 1.02506532941144, "Points": 12.7, "Pred_points": 11.67493467058856, "full_name": "MIA"}
{"Diff": 1.0356732270761277, "Points": 11.3, "Pred_points": 12.335673227076128, "full_name": "CHI"}
{"Diff": 1.1091296051948474, "Points": 0.0, "Pred_points": 1.1091296051948474, "full_name": "PHI"}
{"Diff": 1.1538496361154618, "Points": 6.6, "Pred_points": 7.753849636115461, "full_name": "TB"}
{"Diff": 1.1858947067124683, "Points": 5.8, "Pred_points": 6.985894706712468, "full_name": "ARI"}
{"Diff": 1.19446102358348, "Points": 0.0, "Pred_points": -1.19446102358348, "full_name": "MIN"}
{"Diff": 1.207247074421514, "Points": 0.9, "Pred_points": -0.3072470744215141, "full_name": "OAK"}
{"Diff": 1.2213035089953919, "Points": 0.0, "Pred_points": 1.2213035089953919, "full_name": "CLE"}
{"Diff": 1.232283783319167, "Points": 1.0, "Pred_points": 2.232283783319167, "full_name": "JAC"}
{"Diff": 1.3282956445353014, "Points": 0.3, "Pred_points": 1.6282956445353014, "full_name": "SEA"}
{"Diff": 1.389188094822085, "Points": 2.4, "Pred_points": 1.010811905177915, "full_name": "CIN"}
{"Diff": 1.4470358823381158, "Points": 1.1, "Pred_points": -0.3470358823381156, "full_name": "DAL"}
{"Diff": 1.4681679024780945, "Points": 1.2, "Pred_points": -0.2681679024780946, "full_name": "DET"}
{"Diff": 1.584975418807324, "Points": 1.3, "Pred_points": -0.28497541880732385, "full_name": "CAR"}
{"Diff": 1.753347851764369, "Points": 14.1, "Pred_points": 12.34665214823563, "full_name": "SEA"}
{"Diff": 1.8759455904312814, "Points": 0.0, "Pred_points": 1.8759455904312814, "full_name": "STL"}
{"Diff": 1.902660595192704, "Points": 0.0, "Pred_points": 1.902660595192704, "full_name": "ARI"}
{"Diff": 1.919675981758025, "Points": 3.2, "Pred_points": 5.119675981758025, "full_name": "SEA"}
{"Diff": 2.063385942022187, "Points": 3.9, "Pred_points": 1.8366140579778127, "full_name": "STL"}
{"Diff": 2.0731586398548645, "Points": 7.7, "Pred_points": 9.773158639854865, "full_name": "ATL"}
{"Diff": 2.1427303505255217, "Points": 4.0, "Pred_points": 1.857269649474478, "full_name": "CIN"}
{"Diff": 2.1456757413854106, "Points": 13.9, "Pred_points": 11.75432425861459, "full_name": "HOU"}
{"Diff": 2.19655979073793, "Points": 3.3, "Pred_points": 1.1034402092620699, "full_name": "PIT"}
{"Diff": 2.4838808218102777, "Points": 18.4, "Pred_points": 20.883880821810276, "full_name": "DEN"}
{"Diff": 2.617327822712551, "Points": 3.2, "Pred_points": 5.817327822712551, "full_name": "DEN"}
{"Diff": 2.673713748079768, "Points": 12.5, "Pred_points": 15.173713748079768, "full_name": "PIT"}
{"Diff": 2.7477576025148904, "Points": 4.3, "Pred_points": 7.04775760251489, "full_name": "ARI"}
{"Diff": 2.8046252718096154, "Points": 5.9, "Pred_points": 3.095374728190385, "full_name": "PHI"}
{"Diff": 2.8384911289183794, "Points": 6.2, "Pred_points": 3.3615088710816208, "full_name": "HOU"}
{"Diff": 2.9234905446780504, "Points": 5.3, "Pred_points": 2.3765094553219495, "full_name": "SF"}
{"Diff": 3.0117506201965116, "Points": 1.4, "Pred_points": 4.4117506201965115, "full_name": "ATL"}
{"Diff": 3.12316455139183, "Points": 0.0, "Pred_points": 3.12316455139183, "full_name": "HOU"}
{"Diff": 3.170050283522788, "Points": 3.2, "Pred_points": 0.029949716477212007, "full_name": "MIN"}
{"Diff": 3.305201582620171, "Points": 3.1, "Pred_points": -0.20520158262017088, "full_name": "TB"}
{"Diff": 3.33105371503819, "Points": -0.1, "Pred_points": 3.2310537150381897, "full_name": "CHI"}
{"Diff": 3.362409715965307, "Points": 0.0, "Pred_points": 3.362409715965307, "full_name": "BUF"}
{"Diff": 3.4652032722040342, "Points": 10.9, "Pred_points": 7.434796727795966, "full_name": "CAR"}
{"Diff": 3.4728910554184385, "Points": 2.2, "Pred_points": -1.2728910554184385, "full_name": "MIN"}
{"Diff": 3.493512657190479, "Points": 17.0, "Pred_points": 13.506487342809521, "full_name": "BAL"}
{"Diff": 3.504134389179246, "Points": 1.0, "Pred_points": 4.504134389179246, "full_name": "STL"}
{"Diff": 3.531874566819023, "Points": 1.8, "Pred_points": 5.331874566819023, "full_name": "IND"}
{"Diff": 3.6178406638737535, "Points": 5.6, "Pred_points": 9.217840663873753, "full_name": "SD"}
{"Diff": 3.6486106974755024, "Points": 0.4, "Pred_points": 4.048610697475502, "full_name": "NYJ"}
{"Diff": 3.681711664476265, "Points": 6.3, "Pred_points": 2.6182883355237347, "full_name": "CHI"}
{"Diff": 3.744957621315014, "Points": 5.0, "Pred_points": 1.255042378684986, "full_name": "DAL"}
{"Diff": 3.745376288323092, "Points": 11.6, "Pred_points": 7.854623711676908, "full_name": "OAK"}
{"Diff": 3.7605521493515246, "Points": 1.8, "Pred_points": 5.560552149351524, "full_name": "JAC"}
{"Diff": 3.8473856821469035, "Points": 9.6, "Pred_points": 5.752614317853096, "full_name": "BAL"}
{"Diff": 3.8911750890203716, "Points": 3.3, "Pred_points": -0.5911750890203719, "full_name": "MIN"}
{"Diff": 4.019186219888937, "Points": 4.7, "Pred_points": 0.680813780111063, "full_name": "CAR"}
{"Diff": 4.035401049724632, "Points": 0.0, "Pred_points": 4.035401049724632, "full_name": "CLE"}
{"Diff": 4.059197733614127, "Points": 6.2, "Pred_points": 2.1408022663858732, "full_name": "SEA"}
{"Diff": 4.155214074386664, "Points": 7.0, "Pred_points": 2.844785925613336, "full_name": "WAS"}
{"Diff": 4.186013188354826, "Points": 7.7, "Pred_points": 3.5139868116451742, "full_name": "TEN"}
{"Diff": 4.225959726152741, "Points": 10.9, "Pred_points": 6.674040273847259, "full_name": "SD"}
{"Diff": 4.265304041322591, "Points": 5.8, "Pred_points": 1.5346959586774087, "full_name": "CAR"}
{"Diff": 4.274198713640508, "Points": 5.8, "Pred_points": 10.074198713640508, "full_name": "NYG"}
{"Diff": 4.36945771836334, "Points": 6.3,