{"Diff": 0.015531488210013489, "Points": 1.6, "Pred_points": 1.5844685117899866, "full_name": "SEA"}
{"Diff": 0.2029658611296412, "Points": 5.4, "Pred_points": 5.197034138870359, "full_name": "TEN"}
{"Diff": 0.214029295273928, "Points": 3.4, "Pred_points": 3.185970704726072, "full_name": "STL"}
{"Diff": 0.24525144843256408, "Points": 2.8, "Pred_points": 3.045251448432564, "full_name": "SEA"}
{"Diff": 0.24787427014890007, "Points": 10.9, "Pred_points": 11.1478742701489, "full_name": "DET"}
{"Diff": 0.32102935261432153, "Points": 2.1, "Pred_points": 2.4210293526143216, "full_name": "CIN"}
{"Diff": 0.3258681870929778, "Points": 3.1, "Pred_points": 3.425868187092978, "full_name": "STL"}
{"Diff": 0.36593688757908704, "Points": 1.3, "Pred_points": 0.934063112420913, "full_name": "BAL"}
{"Diff": 0.3723860617026926, "Points": 1.8, "Pred_points": 1.4276139382973074, "full_name": "BAL"}
{"Diff": 0.46024532976506194, "Points": 11.2, "Pred_points": 11.660245329765061, "full_name": "ARI"}
{"Diff": 0.4874641891074343, "Points": 2.8, "Pred_points": 3.287464189107434, "full_name": "NYJ"}
{"Diff": 0.4997207917129862, "Points": 2.6, "Pred_points": 3.0997207917129863, "full_name": "NO"}
{"Diff": 0.5562822765216233, "Points": 2.0, "Pred_points": 2.5562822765216233, "full_name": "OAK"}
{"Diff": 0.5606676712428822, "Points": 4.5, "Pred_points": 5.060667671242882, "full_name": "DAL"}
{"Diff": 0.6124391459149345, "Points": 6.2, "Pred_points": 6.812439145914935, "full_name": "SF"}
{"Diff": 0.675737970318405, "Points": 1.1, "Pred_points": 0.4242620296815951, "full_name": "CHI"}
{"Diff": 0.7301866955303559, "Points": 0.1, "Pred_points": -0.6301866955303559, "full_name": "MIA"}
{"Diff": 0.7320050717147859, "Points": 0.8, "Pred_points": 1.532005071714786, "full_name": "CIN"}
{"Diff": 0.7562184762020944, "Points": 0.6, "Pred_points": -0.15621847620209442, "full_name": "KC"}
{"Diff": 0.7925871566643994, "Points": 1.7, "Pred_points": 0.9074128433356006, "full_name": "TEN"}
{"Diff": 0.8002501289284694, "Points": 3.6, "Pred_points": 4.4002501289284695, "full_name": "NO"}
{"Diff": 0.8489294710496147, "Points": 1.3, "Pred_points": 0.45107052895038535, "full_name": "JAC"}
{"Diff": 0.8506871034461766, "Points": 1.1, "Pred_points": 0.2493128965538235, "full_name": "CHI"}
{"Diff": 0.8978200419984965, "Points": 5.1, "Pred_points": 5.997820041998496, "full_name": "BAL"}
{"Diff": 1.0395581756249779, "Points": 0.9, "Pred_points": -0.13955817562497777, "full_name": "DEN"}
{"Diff": 1.0546813746344554, "Points": 15.5, "Pred_points": 14.445318625365545, "full_name": "SF"}
{"Diff": 1.0772242555962204, "Points": 1.1, "Pred_points": 2.1772242555962205, "full_name": "ARI"}
{"Diff": 1.1046693763349869, "Points": 0.2, "Pred_points": 1.3046693763349868, "full_name": "STL"}
{"Diff": 1.3928424750665407, "Points": 1.3, "Pred_points": -0.09284247506654053, "full_name": "CIN"}
{"Diff": 1.3996140392553122, "Points": 0.0, "Pred_points": 1.3996140392553122, "full_name": "TB"}
{"Diff": 1.4501167285995127, "Points": 0.0, "Pred_points": 1.4501167285995127, "full_name": "DAL"}
{"Diff": 1.6334309178438042, "Points": 6.0, "Pred_points": 7.633430917843804, "full_name": "JAC"}
{"Diff": 1.7947173990467924, "Points": 4.3, "Pred_points": 6.094717399046792, "full_name": "SF"}
{"Diff": 1.8449051101628775, "Points": 0.0, "Pred_points": 1.8449051101628775, "full_name": "NYJ"}
{"Diff": 1.9657546668870052, "Points": 0.6, "Pred_points": 2.5657546668870053, "full_name": "PHI"}
{"Diff": 1.9685566500635585, "Points": 3.0, "Pred_points": 1.0314433499364415, "full_name": "DEN"}
{"Diff": 1.9756492897155504, "Points": 3.1, "Pred_points": 1.1243507102844497, "full_name": "CLE"}
{"Diff": 1.998318453005134, "Points": 5.5, "Pred_points": 7.498318453005134, "full_name": "CAR"}
{"Diff": 2.0212829069642533, "Points": 5.2, "Pred_points": 3.178717093035747, "full_name": "BUF"}
{"Diff": 2.0319127499161445, "Points": 0.0, "Pred_points": 2.0319127499161445, "full_name": "STL"}
{"Diff": 2.105012262283804, "Points": 7.5, "Pred_points": 9.605012262283804, "full_name": "TB"}
{"Diff": 2.128234578038136, "Points": 2.4, "Pred_points": 4.528234578038136, "full_name": "DEN"}
{"Diff": 2.1574845624390857, "Points": 11.9, "Pred_points": 9.742515437560915, "full_name": "NYG"}
{"Diff": 2.178357356305266, "Points": 0.1, "Pred_points": 2.278357356305266, "full_name": "SEA"}
{"Diff": 2.1809446401061563, "Points": 3.9, "Pred_points": 1.7190553598938436, "full_name": "NYG"}
{"Diff": 2.194335227503576, "Points": 1.4, "Pred_points": -0.7943352275035762, "full_name": "MIA"}
{"Diff": 2.198121263333795, "Points": 3.3, "Pred_points": 1.1018787366662046, "full_name": "OAK"}
{"Diff": 2.214566856978715, "Points": 3.0, "Pred_points": 0.7854331430212851, "full_name": "TEN"}
{"Diff": 2.222851769526847, "Points": 1.2, "Pred_points": 3.422851769526847, "full_name": "TB"}
{"Diff": 2.2687945095666393, "Points": 13.2, "Pred_points": 15.468794509566639, "full_name": "ATL"}
{"Diff": 2.521481651227723, "Points": 2.8, "Pred_points": 5.321481651227723, "full_name": "PIT"}
{"Diff": 2.628854672552709, "Points": 11.1, "Pred_points": 8.47114532744729, "full_name": "ATL"}
{"Diff": 2.7183964385199255, "Points": 2.7, "Pred_points": -0.018396438519925118, "full_name": "KC"}
{"Diff": 2.7201624068291324, "Points": 3.5, "Pred_points": 0.7798375931708676, "full_name": "ARI"}
{"Diff": 2.8293833792645797, "Points": 2.0, "Pred_points": -0.8293833792645798, "full_name": "MIA"}
{"Diff": 2.8572282742511192, "Points": 2.5, "Pred_points": -0.35722827425111925, "full_name": "CLE"}
{"Diff": 3.1779481726481835, "Points": 0.6, "Pred_points": 3.7779481726481836, "full_name": "PHI"}
{"Diff": 3.3787853867281106, "Points": 6.7, "Pred_points": 3.3212146132718896, "full_name": "ARI"}
{"Diff": 3.4464979227184678, "Points": -0.9, "Pred_points": 2.546497922718468, "full_name": "DAL"}
{"Diff": 3.477913727830474, "Points": 7.1, "Pred_points": 10.577913727830474, "full_name": "CHI"}
{"Diff": 3.678137550354582, "Points": -0.2, "Pred_points": 3.4781375503545817, "full_name": "OAK"}
{"Diff": 3.687209032573377, "Points": 0.0, "Pred_points": 3.687209032573377, "full_name": "PIT"}
{"Diff": 3.720913104830308, "Points": 1.9, "Pred_points": 5.620913104830308, "full_name": "SF"}
{"Diff": 4.135116488008025, "Points": 0.9, "Pred_points": 5.0351164880080255, "full_name": "JAC"}
{"Diff": 4.188452575413885, "Points": 9.3, "Pred_points": 5.111547424586115, "full_name": "KC"}
{"Diff": 4.223443218404878, "Points": 19.2, "Pred_points": 14.976556781595121, "full_name": "DEN"}
{"Diff": 4.273352550095034, "Points": 10.8, "Pred_points": 15.073352550095034, "full_name": "DEN"}
{"Diff": 4.31723377410035, "Points": 5.1, "Pred_points": 0.7827662258996495, "full_name": "JAC"}
{"Diff": 4.404049063396803, "Points": 3.1, "Pred_points": 7.5040490633968036, "full_name": "SEA"}
{"Diff": 4.405496415473593, "Points": 7.0, "Pred_points": 2.5945035845264073, "full_name": "SEA"}
{"Diff": 4.419794557702237, "Points": 0.0, "Pred_points": 4.419794557702237, "full_name": "DAL"}
{"Diff": 4.478439502548328, "Points": 0.0, "Pred_points": 4.478439502548328, "full_name": "OAK"}
{"Diff": 4.547749603222661, "Points": 11.9, "Pred_points": 16.44774960322266, "full_name": "ATL"}
{"Diff": 4.549586605136412, "Points": 2.0, "Pred_points": 6.549586605136412, "full_name": "CIN"}
{"Diff": 4.713122106689614, "Points": 4.6, "Pred_points": -0.11312210668961464, "full_name": "CLE"}
{"Diff": 4.849991299673172, "Points": 4.8, "Pred_points": -0.04999129967317232, "full_name": "CLE"}
{"Diff": 5.00980393918285, "Points": 5.2, "Pred_points": 0.19019606081714957, "full_name": "DEN"}
{"Diff": 5.178722979737479, "Points": 19.0, "Pred_points": 13.82127702026252, "full_name": "CAR"}
{"Diff": 5.195949868487851, "Points": 11.9, "Pred_points": 6.704050131512149, "full_name": "JAC"}
{"Diff": 5.285753841403232, "Points": 0.0, "Pred_points": 5.285753841403232, "full_name": "GB"}
{"Diff": 5.309333989731172, "Points": 11.1, "Pred_points": 5.790666010268827,