{"Diff": 0.02867153278711032, "Points": 1.4, "Pred_points": 1.3713284672128896, "full_name": "IND"}
{"Diff": 0.04126147433744265, "Points": 4.7, "Pred_points": 4.741261474337443, "full_name": "DAL"}
{"Diff": 0.06418869337590821, "Points": 0.3, "Pred_points": 0.3641886933759082, "full_name": "NYJ"}
{"Diff": 0.08573524393919803, "Points": 0.0, "Pred_points": -0.08573524393919803, "full_name": "NE"}
{"Diff": 0.11572608746449282, "Points": 0.0, "Pred_points": -0.11572608746449282, "full_name": "WAS"}
{"Diff": 0.15929872088118802, "Points": 1.2, "Pred_points": 1.359298720881188, "full_name": "CAR"}
{"Diff": 0.16350049470601125, "Points": 5.0, "Pred_points": 4.836499505293989, "full_name": "PIT"}
{"Diff": 0.20075227802935638, "Points": 0.0, "Pred_points": -0.20075227802935638, "full_name": "ATL"}
{"Diff": 0.26928905983044693, "Points": 11.0, "Pred_points": 10.730710940169553, "full_name": "IND"}
{"Diff": 0.35638703585253095, "Points": 2.2, "Pred_points": 1.8436129641474692, "full_name": "BAL"}
{"Diff": 0.4614901702183123, "Points": 3.1, "Pred_points": 2.638509829781688, "full_name": "BAL"}
{"Diff": 0.5046080254483378, "Points": 11.1, "Pred_points": 10.595391974551662, "full_name": "CHI"}
{"Diff": 0.6224160143385808, "Points": 4.6, "Pred_points": 3.977583985661419, "full_name": "KC"}
{"Diff": 0.6503427371972583, "Points": 0.0, "Pred_points": 0.6503427371972583, "full_name": "NO"}
{"Diff": 0.6682541782092961, "Points": 2.6, "Pred_points": 1.931745821790704, "full_name": "MIA"}
{"Diff": 0.6993693852338603, "Points": 2.4, "Pred_points": 3.09936938523386, "full_name": "CAR"}
{"Diff": 0.8662347842348659, "Points": 13.5, "Pred_points": 12.633765215765134, "full_name": "SD"}
{"Diff": 0.8705085894450943, "Points": 0.0, "Pred_points": 0.8705085894450943, "full_name": "WAS"}
{"Diff": 0.9051096115132781, "Points": 0.0, "Pred_points": 0.9051096115132781, "full_name": "PHI"}
{"Diff": 0.9873498038000257, "Points": 8.5, "Pred_points": 7.512650196199974, "full_name": "SF"}
{"Diff": 1.0296859517692039, "Points": 1.0, "Pred_points": -0.029685951769203855, "full_name": "HOU"}
{"Diff": 1.17259685889452, "Points": 2.0, "Pred_points": 3.17259685889452, "full_name": "TEN"}
{"Diff": 1.2004077089435308, "Points": 3.8, "Pred_points": 2.599592291056469, "full_name": "JAC"}
{"Diff": 1.2743240029789247, "Points": 7.2, "Pred_points": 8.474324002978925, "full_name": "SF"}
{"Diff": 1.3558461960693962, "Points": 1.2, "Pred_points": 2.555846196069396, "full_name": "IND"}
{"Diff": 1.3920188709561914, "Points": 1.4, "Pred_points": 2.7920188709561913, "full_name": "DAL"}
{"Diff": 1.4300047915056577, "Points": 11.6, "Pred_points": 13.030004791505657, "full_name": "DET"}
{"Diff": 1.6335339119308423, "Points": 1.2, "Pred_points": -0.4335339119308424, "full_name": "JAC"}
{"Diff": 1.6469057637384432, "Points": 0.0, "Pred_points": 1.6469057637384432, "full_name": "NE"}
{"Diff": 1.6858947152153285, "Points": 2.4, "Pred_points": 0.7141052847846714, "full_name": "CHI"}
{"Diff": 1.7188201061524655, "Points": 8.1, "Pred_points": 6.381179893847534, "full_name": "KC"}
{"Diff": 1.7246365231380856, "Points": 2.7, "Pred_points": 0.9753634768619146, "full_name": "MIA"}
{"Diff": 1.763134514415574, "Points": 0.7, "Pred_points": -1.063134514415574, "full_name": "NYJ"}
{"Diff": 1.7972278303713562, "Points": 1.2, "Pred_points": 2.997227830371356, "full_name": "TEN"}
{"Diff": 1.8702869675289042, "Points": 2.8, "Pred_points": 4.670286967528904, "full_name": "PHI"}
{"Diff": 1.9015225910754125, "Points": 9.5, "Pred_points": 11.401522591075413, "full_name": "MIA"}
{"Diff": 2.0683887139060597, "Points": 2.1, "Pred_points": 4.16838871390606, "full_name": "DET"}
{"Diff": 2.17653996596784, "Points": 9.9, "Pred_points": 7.72346003403216, "full_name": "SD"}
{"Diff": 2.2855203063411933, "Points": 5.0, "Pred_points": 7.285520306341193, "full_name": "NO"}
{"Diff": 2.416888158038984, "Points": 0.0, "Pred_points": 2.416888158038984, "full_name": "SD"}
{"Diff": 2.455492644576852, "Points": 8.3, "Pred_points": 5.844507355423149, "full_name": "OAK"}
{"Diff": 2.4752306299471183, "Points": 13.6, "Pred_points": 11.124769370052881, "full_name": "CAR"}
{"Diff": 2.5291123091910865, "Points": 0.5, "Pred_points": 3.0291123091910865, "full_name": "PIT"}
{"Diff": 2.534164312097715, "Points": 0.0, "Pred_points": 2.534164312097715, "full_name": "KC"}
{"Diff": 2.5455418961560583, "Points": 1.7, "Pred_points": -0.8455418961560582, "full_name": "NYJ"}
{"Diff": 2.6021108272964915, "Points": 3.2, "Pred_points": 0.5978891727035089, "full_name": "HOU"}
{"Diff": 2.7222261299709674, "Points": 0.0, "Pred_points": 2.7222261299709674, "full_name": "KC"}
{"Diff": 2.774933581593657, "Points": 2.2, "Pred_points": -0.5749335815936568, "full_name": "OAK"}
{"Diff": 2.9364849071700325, "Points": 3.4, "Pred_points": 0.4635150928299674, "full_name": "PHI"}
{"Diff": 3.0682891027691257, "Points": 9.2, "Pred_points": 6.131710897230874, "full_name": "TB"}
{"Diff": 3.0841207508664166, "Points": 7.2, "Pred_points": 4.115879249133584, "full_name": "MIN"}
{"Diff": 3.1976634861794975, "Points": 3.0, "Pred_points": -0.19766348617949747, "full_name": "TB"}
{"Diff": 3.210194654027049, "Points": 13.3, "Pred_points": 10.089805345972952, "full_name": "ATL"}
{"Diff": 3.2162448589117787, "Points": 22.8, "Pred_points": 19.583755141088222, "full_name": "GB"}
{"Diff": 3.239486755094225, "Points": 4.6, "Pred_points": 7.839486755094224, "full_name": "NO"}
{"Diff": 3.371694994821924, "Points": 5.1, "Pred_points": 8.471694994821924, "full_name": "HOU"}
{"Diff": 3.3791827262987257, "Points": 5.8, "Pred_points": 2.420817273701274, "full_name": "CAR"}
{"Diff": 3.4674235481714444, "Points": 2.5, "Pred_points": 5.967423548171444, "full_name": "JAC"}
{"Diff": 3.5107314879539464, "Points": 1.8, "Pred_points": 5.310731487953946, "full_name": "BAL"}
{"Diff": 3.514659165310073, "Points": 7.4, "Pred_points": 3.885340834689927, "full_name": "MIA"}
{"Diff": 3.5637300082658987, "Points": 6.2, "Pred_points": 2.6362699917341015, "full_name": "NO"}
{"Diff": 3.5912652364390834, "Points": 0.0, "Pred_points": 3.5912652364390834, "full_name": "DAL"}
{"Diff": 3.705985251813595, "Points": 3.0, "Pred_points": -0.7059852518135948, "full_name": "OAK"}
{"Diff": 3.7381490757442295, "Points": 2.8, "Pred_points": 6.538149075744229, "full_name": "WAS"}
{"Diff": 3.740191407324165, "Points": 3.5, "Pred_points": 7.240191407324165, "full_name": "TEN"}
{"Diff": 3.755074954229146, "Points": 12.4, "Pred_points": 8.644925045770854, "full_name": "HOU"}
{"Diff": 3.866630902373717, "Points": 0.3, "Pred_points": 4.166630902373717, "full_name": "KC"}
{"Diff": 3.903029456076564, "Points": 0.0, "Pred_points": 3.903029456076564, "full_name": "PIT"}
{"Diff": 3.9286598877348435, "Points": 10.8, "Pred_points": 6.871340112265157, "full_name": "NYG"}
{"Diff": 4.046761839808549, "Points": 1.2, "Pred_points": 5.246761839808549, "full_name": "PIT"}
{"Diff": 4.059649569417541, "Points": 7.9, "Pred_points": 11.959649569417541, "full_name": "CHI"}
{"Diff": 4.207888448928397, "Points": 3.2, "Pred_points": -1.0078884489283968, "full_name": "NYJ"}
{"Diff": 4.316862059431466, "Points": 0.0, "Pred_points": 4.316862059431466, "full_name": "DET"}
{"Diff": 4.574554588193564, "Points": 7.4, "Pred_points": 2.8254454118064367, "full_name": "NYG"}
{"Diff": 4.798112835765874, "Points": 23.3, "Pred_points": 18.501887164234127, "full_name": "GB"}
{"Diff": 4.876323051434317, "Points": 6.8, "Pred_points": 1.9236769485656822, "full_name": "JAC"}
{"Diff": 5.116139299795147, "Points": 0.9, "Pred_points": 6.016139299795148, "full_name": "WAS"}
{"Diff": 5.236129031883401, "Points": 10.4, "Pred_points": 15.636129031883401, "full_name": "DAL"}
{"Diff": 5.238141073222463, "Points": 8.2, "Pred_points": 13.438141073222463, "full_name": "ATL"}
{"Diff": 5.3010619256276685, "Points": 12.4, "Pred_points": 7.098938074372332, "full_name": "MIN"}
{"Diff": 5.378542606538106, "Points": 8.0, "Pred_points": 2.6214573934618937, "full_name": "CAR"}
{"Diff": 5.473878339394113,