{"Diff": 0.11916096780872287, "Points": 3.3, "Pred_points": 3.4191609678087227, "full_name": "STL"}
{"Diff": 0.12082887482186427, "Points": 0.6, "Pred_points": 0.4791711251781357, "full_name": "HOU"}
{"Diff": 0.14108490042668592, "Points": 0.4, "Pred_points": 0.2589150995733141, "full_name": "SEA"}
{"Diff": 0.20457938724362967, "Points": 0.0, "Pred_points": -0.20457938724362967, "full_name": "SD"}
{"Diff": 0.2157415488686226, "Points": 0.0, "Pred_points": -0.2157415488686226, "full_name": "IND"}
{"Diff": 0.23919295782444946, "Points": 0.0, "Pred_points": -0.23919295782444946, "full_name": "KC"}
{"Diff": 0.2809223145373396, "Points": 0.0, "Pred_points": 0.2809223145373396, "full_name": "SF"}
{"Diff": 0.2822337797654839, "Points": 10.7, "Pred_points": 10.982233779765483, "full_name": "IND"}
{"Diff": 0.2880858218597375, "Points": 2.1, "Pred_points": 1.8119141781402626, "full_name": "CAR"}
{"Diff": 0.38014439276377576, "Points": 3.2, "Pred_points": 2.8198556072362244, "full_name": "CLE"}
{"Diff": 0.3902753217062428, "Points": 0.0, "Pred_points": 0.3902753217062428, "full_name": "DEN"}
{"Diff": 0.4497068631588558, "Points": 0.9, "Pred_points": 0.45029313684114425, "full_name": "ARI"}
{"Diff": 0.4519246262190406, "Points": 0.0, "Pred_points": 0.4519246262190406, "full_name": "MIN"}
{"Diff": 0.4787481335904391, "Points": 0.0, "Pred_points": 0.4787481335904391, "full_name": "KC"}
{"Diff": 0.5139162286891452, "Points": 1.5, "Pred_points": 0.9860837713108548, "full_name": "HOU"}
{"Diff": 0.5602498997459976, "Points": 0.2, "Pred_points": -0.3602498997459976, "full_name": "ATL"}
{"Diff": 0.5805941275056827, "Points": 1.8, "Pred_points": 1.2194058724943173, "full_name": "BAL"}
{"Diff": 0.7153523109828276, "Points": 0.9, "Pred_points": 1.6153523109828276, "full_name": "TEN"}
{"Diff": 0.7659720773356513, "Points": 3.8, "Pred_points": 3.0340279226643485, "full_name": "NO"}
{"Diff": 0.8186205364851982, "Points": 3.9, "Pred_points": 3.0813794635148017, "full_name": "CLE"}
{"Diff": 0.871466293123661, "Points": 1.7, "Pred_points": 2.571466293123661, "full_name": "BAL"}
{"Diff": 0.8843140007098487, "Points": 1.6, "Pred_points": 0.7156859992901514, "full_name": "OAK"}
{"Diff": 0.9209081037952566, "Points": 0.4, "Pred_points": 1.3209081037952566, "full_name": "GB"}
{"Diff": 0.9548549945375463, "Points": 0.4, "Pred_points": 1.3548549945375463, "full_name": "STL"}
{"Diff": 0.9743060520196407, "Points": 2.9, "Pred_points": 1.9256939479803592, "full_name": "STL"}
{"Diff": 1.1591063553151022, "Points": 0.0, "Pred_points": 1.1591063553151022, "full_name": "CIN"}
{"Diff": 1.1601852282464162, "Points": 0.0, "Pred_points": 1.1601852282464162, "full_name": "SEA"}
{"Diff": 1.242680096770818, "Points": 3.3, "Pred_points": 2.057319903229182, "full_name": "SEA"}
{"Diff": 1.3355067486395504, "Points": 0.6, "Pred_points": 1.9355067486395503, "full_name": "CAR"}
{"Diff": 1.3429127251331772, "Points": 0.9, "Pred_points": -0.44291272513317725, "full_name": "IND"}
{"Diff": 1.3439753044975629, "Points": 0.0, "Pred_points": -1.3439753044975629, "full_name": "NO"}
{"Diff": 1.356840567932687, "Points": 1.9, "Pred_points": 0.543159432067313, "full_name": "NYG"}
{"Diff": 1.3573403672902309, "Points": 8.8, "Pred_points": 7.44265963270977, "full_name": "HOU"}
{"Diff": 1.3685554108091242, "Points": 2.4, "Pred_points": 3.768555410809124, "full_name": "ARI"}
{"Diff": 1.3934787781621587, "Points": 10.0, "Pred_points": 8.606521221837841, "full_name": "PIT"}
{"Diff": 1.40521865234991, "Points": 1.7, "Pred_points": 3.10521865234991, "full_name": "PIT"}
{"Diff": 1.540296912214364, "Points": 1.3, "Pred_points": 2.840296912214364, "full_name": "CIN"}
{"Diff": 1.5603050806046062, "Points": 7.2, "Pred_points": 5.639694919395394, "full_name": "PIT"}
{"Diff": 1.5872907159438137, "Points": 1.1, "Pred_points": -0.48729071594381357, "full_name": "KC"}
{"Diff": 1.599248601404443, "Points": 3.3, "Pred_points": 4.899248601404443, "full_name": "CIN"}
{"Diff": 1.5993412048657656, "Points": 2.9, "Pred_points": 4.4993412048657655, "full_name": "NYJ"}
{"Diff": 1.6196199953313588, "Points": 6.1, "Pred_points": 4.480380004668641, "full_name": "BAL"}
{"Diff": 1.65275071714465, "Points": 3.6, "Pred_points": 5.25275071714465, "full_name": "ARI"}
{"Diff": 1.6888941565540492, "Points": 7.9, "Pred_points": 6.211105843445951, "full_name": "DET"}
{"Diff": 1.763172039814219, "Points": 0.0, "Pred_points": 1.763172039814219, "full_name": "CIN"}
{"Diff": 1.7642602354661296, "Points": 0.7, "Pred_points": 2.4642602354661296, "full_name": "JAC"}
{"Diff": 1.7763846443093714, "Points": 5.3, "Pred_points": 3.5236153556906284, "full_name": "CLE"}
{"Diff": 1.7819597811744874, "Points": 5.0, "Pred_points": 6.781959781174487, "full_name": "SD"}
{"Diff": 1.829774793989392, "Points": 10.1, "Pred_points": 11.929774793989392, "full_name": "DEN"}
{"Diff": 1.8631938156831866, "Points": 6.5, "Pred_points": 4.636806184316813, "full_name": "WAS"}
{"Diff": 1.9175166469081226, "Points": 0.6, "Pred_points": 2.5175166469081227, "full_name": "TEN"}
{"Diff": 1.9499074564334462, "Points": 2.5, "Pred_points": 0.5500925435665537, "full_name": "JAC"}
{"Diff": 1.9771055424672657, "Points": 15.1, "Pred_points": 13.122894457532734, "full_name": "DAL"}
{"Diff": 1.9999935809072324, "Points": 8.1, "Pred_points": 6.100006419092767, "full_name": "GB"}
{"Diff": 2.0262071013872873, "Points": 1.1, "Pred_points": 3.1262071013872874, "full_name": "NYJ"}
{"Diff": 2.064488675670246, "Points": 4.3, "Pred_points": 2.235511324329754, "full_name": "BUF"}
{"Diff": 2.212297767842838, "Points": 3.4, "Pred_points": 5.612297767842838, "full_name": "OAK"}
{"Diff": 2.3084691966202926, "Points": 5.0, "Pred_points": 2.6915308033797074, "full_name": "SEA"}
{"Diff": 2.3718062891322225, "Points": 7.7, "Pred_points": 10.071806289132223, "full_name": "HOU"}
{"Diff": 2.381919433344952, "Points": 3.0, "Pred_points": 0.618080566655048, "full_name": "STL"}
{"Diff": 2.419831798661743, "Points": 1.5, "Pred_points": 3.919831798661743, "full_name": "IND"}
{"Diff": 2.645932007767586, "Points": 5.4, "Pred_points": 8.045932007767586, "full_name": "CIN"}
{"Diff": 2.8351723688654356, "Points": 2.9, "Pred_points": 0.06482763113456436, "full_name": "DEN"}
{"Diff": 2.9715840064831696, "Points": 14.0, "Pred_points": 16.97158400648317, "full_name": "GB"}
{"Diff": 2.9720113497766056, "Points": 0.6, "Pred_points": 3.5720113497766057, "full_name": "DAL"}
{"Diff": 3.0386466664676783, "Points": 2.7, "Pred_points": 5.7386466664676785, "full_name": "SF"}
{"Diff": 3.120201976356258, "Points": 0.0, "Pred_points": 3.120201976356258, "full_name": "NYJ"}
{"Diff": 3.2111793069839454, "Points": 6.3, "Pred_points": 3.0888206930160544, "full_name": "SF"}
{"Diff": 3.2416086158625443, "Points": 15.22, "Pred_points": 18.461608615862545, "full_name": "PIT"}
{"Diff": 3.2713612622738837, "Points": 4.1, "Pred_points": 0.828638737726116, "full_name": "JAC"}
{"Diff": 3.321762281845422, "Points": 5.8, "Pred_points": 9.121762281845422, "full_name": "SD"}
{"Diff": 3.342977077645041, "Points": 8.4, "Pred_points": 5.057022922354959, "full_name": "KC"}
{"Diff": 3.36982584541608, "Points": 4.8, "Pred_points": 8.16982584541608, "full_name": "CHI"}
{"Diff": 3.572466327969277, "Points": 0.0, "Pred_points": 3.572466327969277, "full_name": "OAK"}
{"Diff": 3.5926459229923733, "Points": 8.8, "Pred_points": 5.207354077007627, "full_name": "NYJ"}
{"Diff": 3.6177317277269623, "Points": 5.5, "Pred_points": 1.882268272273038, "full_name": "OAK"}
{"Diff": 3.8456569040180346, "Points": 6.7, "Pred_points": 10.545656904018035, "full_name": "BAL"}
{"Diff": 3.857924789209264, "Points": 12.1, "Pred_points": 8.242075210790736, "full_name": "CAR"}
{"Diff": 3.898093236703037, "Points": 4.0, "Pred_points": 0.10190676329696324, "full_name": "IND"}
{"Diff": 3.9316532332475305, "Points": 3.7, "Pred_points": -0.2316532332475305, "full_name": "KC"}
{"Diff": 3.998891266405846, "Points": 7.8, "Pred_points": 3.801108733594154, "full_name": "DAL"}
{"Diff": 4.052334134926166,