{"Diff": 0.039462361011811366, "Points": 0.0, "Pred_points": -0.039462361011811366, "full_name": "CIN"}
{"Diff": 0.06951120719936021, "Points": 5.1, "Pred_points": 5.030488792800639, "full_name": "JAC"}
{"Diff": 0.1046472965997276, "Points": 0.7, "Pred_points": 0.5953527034002724, "full_name": "NE"}
{"Diff": 0.11443742325985096, "Points": -0.3, "Pred_points": -0.41443742325985095, "full_name": "DET"}
{"Diff": 0.12443610532171608, "Points": 0.0, "Pred_points": -0.12443610532171608, "full_name": "NYJ"}
{"Diff": 0.15876941514590137, "Points": 0.4, "Pred_points": 0.24123058485409865, "full_name": "PHI"}
{"Diff": 0.2843904632808254, "Points": 13.6, "Pred_points": 13.315609536719174, "full_name": "PHI"}
{"Diff": 0.3034520094805653, "Points": 3.6, "Pred_points": 3.9034520094805654, "full_name": "CHI"}
{"Diff": 0.34512126610698246, "Points": 9.0, "Pred_points": 9.345121266106982, "full_name": "IND"}
{"Diff": 0.3732492900934412, "Points": 0.0, "Pred_points": -0.3732492900934412, "full_name": "NE"}
{"Diff": 0.37867632922398187, "Points": 1.2, "Pred_points": 0.8213236707760181, "full_name": "NYJ"}
{"Diff": 0.3956180687725872, "Points": 0.7, "Pred_points": 1.0956180687725872, "full_name": "MIN"}
{"Diff": 0.4834358560702883, "Points": 0.1, "Pred_points": 0.5834358560702883, "full_name": "KC"}
{"Diff": 0.5363918224457377, "Points": 0.0, "Pred_points": -0.5363918224457377, "full_name": "DET"}
{"Diff": 0.5390742956968744, "Points": 10.4, "Pred_points": 9.860925704303126, "full_name": "NYG"}
{"Diff": 0.5938799002410337, "Points": 1.2, "Pred_points": 0.6061200997589663, "full_name": "IND"}
{"Diff": 0.6037443726679572, "Points": 2.4, "Pred_points": 3.003744372667957, "full_name": "NYJ"}
{"Diff": 0.6279397820938203, "Points": 0.0, "Pred_points": 0.6279397820938203, "full_name": "DEN"}
{"Diff": 0.6371514833314604, "Points": 6.7, "Pred_points": 6.06284851666854, "full_name": "SEA"}
{"Diff": 0.6745045602568397, "Points": 0.0, "Pred_points": 0.6745045602568397, "full_name": "ARI"}
{"Diff": 0.8349737626875191, "Points": 0.8, "Pred_points": 1.6349737626875191, "full_name": "BAL"}
{"Diff": 0.8568263669714087, "Points": 3.1, "Pred_points": 2.2431736330285914, "full_name": "MIN"}
{"Diff": 0.9636869451356578, "Points": 0.9, "Pred_points": -0.0636869451356578, "full_name": "NYJ"}
{"Diff": 0.9911014533527567, "Points": 4.5, "Pred_points": 3.5088985466472433, "full_name": "CHI"}
{"Diff": 1.052112351944691, "Points": 0.8, "Pred_points": -0.25211235194469106, "full_name": "BUF"}
{"Diff": 1.2540675468232858, "Points": 0.0, "Pred_points": 1.2540675468232858, "full_name": "PHI"}
{"Diff": 1.254331798369814, "Points": 2.6, "Pred_points": 3.854331798369814, "full_name": "PIT"}
{"Diff": 1.2694033789126649, "Points": 2.6, "Pred_points": 1.3305966210873352, "full_name": "JAC"}
{"Diff": 1.2749733264440604, "Points": 6.1, "Pred_points": 4.825026673555939, "full_name": "BAL"}
{"Diff": 1.298866917915258, "Points": 1.7, "Pred_points": 2.998866917915258, "full_name": "PIT"}
{"Diff": 1.332325625843017, "Points": 2.6, "Pred_points": 1.2676743741569831, "full_name": "PIT"}
{"Diff": 1.3876293705716822, "Points": 2.7, "Pred_points": 1.312370629428318, "full_name": "MIN"}
{"Diff": 1.3916560578887207, "Points": 14.5, "Pred_points": 15.89165605788872, "full_name": "DAL"}
{"Diff": 1.4178958030109943, "Points": 12.6, "Pred_points": 14.017895803010994, "full_name": "GB"}
{"Diff": 1.4907475832827908, "Points": 0.0, "Pred_points": 1.4907475832827908, "full_name": "HOU"}
{"Diff": 1.5091179231859733, "Points": 0.0, "Pred_points": 1.5091179231859733, "full_name": "ATL"}
{"Diff": 1.5416422866767456, "Points": 0.0, "Pred_points": 1.5416422866767456, "full_name": "PIT"}
{"Diff": 1.5592994835312828, "Points": 7.2, "Pred_points": 8.759299483531283, "full_name": "SF"}
{"Diff": 1.5664208621976083, "Points": 12.1, "Pred_points": 13.666420862197608, "full_name": "CIN"}
{"Diff": 1.5852378895827037, "Points": 7.7, "Pred_points": 6.1147621104172964, "full_name": "IND"}
{"Diff": 1.5996259110039217, "Points": 4.2, "Pred_points": 5.799625911003922, "full_name": "KC"}
{"Diff": 1.6286413230513404, "Points": 1.6, "Pred_points": -0.028641323051340335, "full_name": "GB"}
{"Diff": 1.657327366113757, "Points": 5.4, "Pred_points": 3.7426726338862433, "full_name": "CLE"}
{"Diff": 1.686204759164747, "Points": 2.3, "Pred_points": 3.986204759164747, "full_name": "WAS"}
{"Diff": 1.6922200111617007, "Points": 1.6, "Pred_points": -0.09222001116170057, "full_name": "NE"}
{"Diff": 1.7381670416159807, "Points": 2.3, "Pred_points": 4.0381670416159805, "full_name": "DAL"}
{"Diff": 1.8093023060466402, "Points": 3.8, "Pred_points": 5.60930230604664, "full_name": "BAL"}
{"Diff": 2.022972363487895, "Points": 10.2, "Pred_points": 8.177027636512104, "full_name": "ATL"}
{"Diff": 2.053678411825979, "Points": 2.9, "Pred_points": 0.8463215881740206, "full_name": "IND"}
{"Diff": 2.1662529897240788, "Points": 0.5, "Pred_points": 2.6662529897240788, "full_name": "NYJ"}
{"Diff": 2.242855791973697, "Points": 6.7, "Pred_points": 4.457144208026303, "full_name": "MIN"}
{"Diff": 2.2476816842195197, "Points": 4.5, "Pred_points": 2.2523183157804803, "full_name": "CLE"}
{"Diff": 2.3226926198081546, "Points": 0.0, "Pred_points": 2.3226926198081546, "full_name": "SEA"}
{"Diff": 2.3849711267196336, "Points": 0.0, "Pred_points": 2.3849711267196336, "full_name": "TB"}
{"Diff": 2.411584879355147, "Points": 6.4, "Pred_points": 3.9884151206448535, "full_name": "NYG"}
{"Diff": 2.4897257117332474, "Points": 0.0, "Pred_points": 2.4897257117332474, "full_name": "BAL"}
{"Diff": 2.513857072951904, "Points": 8.3, "Pred_points": 10.813857072951905, "full_name": "NO"}
{"Diff": 2.526670970780978, "Points": 2.6, "Pred_points": 5.126670970780978, "full_name": "JAC"}
{"Diff": 2.5360362821293094, "Points": 15.7, "Pred_points": 13.16396371787069, "full_name": "CHI"}
{"Diff": 2.6641915108098893, "Points": 11.2, "Pred_points": 13.864191510809889, "full_name": "GB"}
{"Diff": 2.9099262200598948, "Points": -1.5, "Pred_points": 1.4099262200598948, "full_name": "CIN"}
{"Diff": 2.959017141951519, "Points": 3.7, "Pred_points": 0.7409828580484812, "full_name": "HOU"}
{"Diff": 3.210503940983199, "Points": 7.2, "Pred_points": 10.4105039409832, "full_name": "SD"}
{"Diff": 3.2105356760312866, "Points": 5.4, "Pred_points": 2.1894643239687137, "full_name": "SEA"}
{"Diff": 3.263912782765897, "Points": 5.8, "Pred_points": 9.063912782765897, "full_name": "HOU"}
{"Diff": 3.272155616776317, "Points": 3.5, "Pred_points": 6.772155616776317, "full_name": "PHI"}
{"Diff": 3.2726714956031184, "Points": 10.9, "Pred_points": 14.172671495603119, "full_name": "DEN"}
{"Diff": 3.3519665571799804, "Points": 3.8, "Pred_points": 0.4480334428200192, "full_name": "DEN"}
{"Diff": 3.362395394120186, "Points": 3.7, "Pred_points": 0.337604605879814, "full_name": "JAC"}
{"Diff": 3.429013465867057, "Points": 1.1, "Pred_points": 4.529013465867057, "full_name": "SD"}
{"Diff": 3.504603297571294, "Points": 4.2, "Pred_points": 7.704603297571294, "full_name": "CAR"}
{"Diff": 3.6737550316250625, "Points": 2.7, "Pred_points": -0.9737550316250624, "full_name": "BUF"}
{"Diff": 3.7689130132671878, "Points": 9.5, "Pred_points": 5.731086986732812, "full_name": "TB"}
{"Diff": 3.8095664051755587, "Points": 2.1, "Pred_points": 5.909566405175559, "full_name": "CAR"}
{"Diff": 3.8149165345609384, "Points": 6.1, "Pred_points": 2.2850834654390613, "full_name": "DET"}
{"Diff": 3.920569420725702, "Points": 4.6, "Pred_points": 8.520569420725701, "full_name": "CAR"}
{"Diff": 3.9756921328246726, "Points": 0.0, "Pred_points": 3.9756921328246726, "full_name": "NO"}
{"Diff": 4.178965674307612, "Points": 7.5, "Pred_points": 3.3210343256923878, "full_name": "SEA"}
{"Diff": 4.202197994625505, "Points": 5.8, "Pred_points": 10.002197994625504, "full_name": "DEN"}
{"Diff": 4.250209861934324, "Points": 6.3, "Pred_points": 10.550209861934324, "full_name": "HOU"}
{"Diff": 4.265348475886479, "Points": 3.4, "Pred_points": -0.8653484758864792,