{"Diff": 0.05509775907276315, "Points": 0.0, "Pred_points": -0.05509775907276315, "full_name": "SEA"}
{"Diff": 0.057902878123584856, "Points": 3.4, "Pred_points": 3.342097121876415, "full_name": "STL"}
{"Diff": 0.09598340746579881, "Points": 0.0, "Pred_points": -0.09598340746579881, "full_name": "KC"}
{"Diff": 0.09645983433349237, "Points": 7.3, "Pred_points": 7.396459834333492, "full_name": "GB"}
{"Diff": 0.1178250963865058, "Points": 0.0, "Pred_points": -0.1178250963865058, "full_name": "PHI"}
{"Diff": 0.13623640978971652, "Points": 0.0, "Pred_points": 0.13623640978971652, "full_name": "SD"}
{"Diff": 0.2125976999419752, "Points": 4.6, "Pred_points": 4.3874023000580245, "full_name": "ATL"}
{"Diff": 0.269832789957549, "Points": 0.0, "Pred_points": -0.269832789957549, "full_name": "KC"}
{"Diff": 0.3618877754742975, "Points": 13.5, "Pred_points": 13.138112224525702, "full_name": "ATL"}
{"Diff": 0.37621664442082947, "Points": 2.6, "Pred_points": 2.2237833555791706, "full_name": "STL"}
{"Diff": 0.43805295854845827, "Points": 4.0, "Pred_points": 4.438052958548458, "full_name": "NE"}
{"Diff": 0.4842291277989266, "Points": 0.0, "Pred_points": 0.4842291277989266, "full_name": "KC"}
{"Diff": 0.5205686390606776, "Points": 1.5, "Pred_points": 2.0205686390606776, "full_name": "PIT"}
{"Diff": 0.5957093093950334, "Points": 16.5, "Pred_points": 15.904290690604967, "full_name": "PIT"}
{"Diff": 0.6119707559643879, "Points": 1.0, "Pred_points": 0.3880292440356121, "full_name": "SEA"}
{"Diff": 0.6166321030378169, "Points": 0.0, "Pred_points": 0.6166321030378169, "full_name": "PHI"}
{"Diff": 0.6357007824810947, "Points": 0.7, "Pred_points": 0.06429921751890522, "full_name": "OAK"}
{"Diff": 0.6456002373171223, "Points": 1.9, "Pred_points": 1.2543997626828776, "full_name": "OAK"}
{"Diff": 0.7258349488105438, "Points": 13.3, "Pred_points": 12.574165051189457, "full_name": "MIA"}
{"Diff": 0.7834436723465898, "Points": 0.5, "Pred_points": 1.2834436723465898, "full_name": "TEN"}
{"Diff": 0.7999849866482558, "Points": 0.0, "Pred_points": 0.7999849866482558, "full_name": "BUF"}
{"Diff": 0.8502043530432619, "Points": 4.2, "Pred_points": 3.3497956469567383, "full_name": "SD"}
{"Diff": 0.8733102175315621, "Points": 2.6, "Pred_points": 3.473310217531562, "full_name": "BUF"}
{"Diff": 0.8801604840174164, "Points": 10.7, "Pred_points": 11.580160484017416, "full_name": "SD"}
{"Diff": 0.8914225925685457, "Points": 16.2, "Pred_points": 15.308577407431454, "full_name": "DEN"}
{"Diff": 0.9323561859190193, "Points": 9.1, "Pred_points": 8.16764381408098, "full_name": "IND"}
{"Diff": 0.9714438448890517, "Points": 0.7, "Pred_points": -0.27144384488905166, "full_name": "NO"}
{"Diff": 0.9752616553188984, "Points": 1.5, "Pred_points": 0.5247383446811016, "full_name": "OAK"}
{"Diff": 1.10524765625119, "Points": 1.1, "Pred_points": -0.005247656251189745, "full_name": "HOU"}
{"Diff": 1.1313057692843742, "Points": 5.9, "Pred_points": 7.031305769284375, "full_name": "NO"}
{"Diff": 1.1916404686479494, "Points": 0.0, "Pred_points": 1.1916404686479494, "full_name": "DEN"}
{"Diff": 1.2650529531130934, "Points": 0.8, "Pred_points": 2.0650529531130934, "full_name": "CIN"}
{"Diff": 1.293646254388432, "Points": 6.8, "Pred_points": 8.093646254388432, "full_name": "HOU"}
{"Diff": 1.4273709855595595, "Points": 0.4, "Pred_points": -1.0273709855595596, "full_name": "ARI"}
{"Diff": 1.4361942941658912, "Points": 4.3, "Pred_points": 2.8638057058341087, "full_name": "CAR"}
{"Diff": 1.4531332675187378, "Points": 0.0, "Pred_points": 1.4531332675187378, "full_name": "MIA"}
{"Diff": 1.534421034049566, "Points": 1.1, "Pred_points": -0.43442103404956595, "full_name": "CHI"}
{"Diff": 1.6042588748030706, "Points": 5.6, "Pred_points": 3.995741125196929, "full_name": "NO"}
{"Diff": 1.6889767012067871, "Points": 8.0, "Pred_points": 9.688976701206787, "full_name": "HOU"}
{"Diff": 1.780397496191286, "Points": 4.9, "Pred_points": 3.1196025038087143, "full_name": "DET"}
{"Diff": 1.8523471237607803, "Points": 0.0, "Pred_points": 1.8523471237607803, "full_name": "TB"}
{"Diff": 1.9921433134760935, "Points": 5.9, "Pred_points": 3.907856686523907, "full_name": "CHI"}
{"Diff": 2.006445134143626, "Points": 0.0, "Pred_points": 2.006445134143626, "full_name": "WAS"}
{"Diff": 2.1161056947027195, "Points": 13.2, "Pred_points": 11.08389430529728, "full_name": "NYG"}
{"Diff": 2.2176968138216697, "Points": 7.0, "Pred_points": 4.78230318617833, "full_name": "TEN"}
{"Diff": 2.2471412595145814, "Points": 16.9, "Pred_points": 19.14714125951458, "full_name": "GB"}
{"Diff": 2.2509238038880737, "Points": 0.0, "Pred_points": 2.2509238038880737, "full_name": "CAR"}
{"Diff": 2.2556317412090348, "Points": 0.0, "Pred_points": 2.2556317412090348, "full_name": "ATL"}
{"Diff": 2.305568906212529, "Points": 3.0, "Pred_points": 5.305568906212529, "full_name": "CLE"}
{"Diff": 2.405335740184443, "Points": 3.1, "Pred_points": 5.505335740184443, "full_name": "CLE"}
{"Diff": 2.493806878073078, "Points": 2.7, "Pred_points": 0.20619312192692207, "full_name": "HOU"}
{"Diff": 2.529739474117271, "Points": 0.8, "Pred_points": 3.3297394741172712, "full_name": "SF"}
{"Diff": 2.563513246414554, "Points": 4.2, "Pred_points": 6.763513246414554, "full_name": "ATL"}
{"Diff": 2.632274485403539, "Points": 2.5, "Pred_points": -0.13227448540353878, "full_name": "ARI"}
{"Diff": 2.7076680267794933, "Points": 0.0, "Pred_points": 2.7076680267794933, "full_name": "IND"}
{"Diff": 3.0314288307827577, "Points": 4.7, "Pred_points": 1.6685711692172425, "full_name": "OAK"}
{"Diff": 3.068792776999782, "Points": 3.5, "Pred_points": 6.568792776999782, "full_name": "OAK"}
{"Diff": 3.0762704601610795, "Points": 4.8, "Pred_points": 1.7237295398389203, "full_name": "TEN"}
{"Diff": 3.3132161306208596, "Points": 2.8, "Pred_points": 6.1132161306208594, "full_name": "DEN"}
{"Diff": 3.385978204837441, "Points": 8.7, "Pred_points": 5.314021795162558, "full_name": "MIN"}
{"Diff": 3.412950837113278, "Points": 5.5, "Pred_points": 2.087049162886722, "full_name": "MIA"}
{"Diff": 3.4965521501880064, "Points": 3.9, "Pred_points": 0.40344784981199366, "full_name": "PHI"}
{"Diff": 3.7176350554840276, "Points": 15.3, "Pred_points": 11.582364944515973, "full_name": "PHI"}
{"Diff": 3.737673442717687, "Points": 0.0, "Pred_points": 3.737673442717687, "full_name": "SF"}
{"Diff": 3.766549826706599, "Points": 5.5, "Pred_points": 1.733450173293401, "full_name": "DEN"}
{"Diff": 3.8029588497486895, "Points": 10.4, "Pred_points": 6.597041150251311, "full_name": "SD"}
{"Diff": 3.845579713648338, "Points": 4.8, "Pred_points": 0.9544202863516619, "full_name": "SEA"}
{"Diff": 3.9366030837916997, "Points": 3.3, "Pred_points": 7.2366030837916995, "full_name": "ARI"}
{"Diff": 4.03826646526449, "Points": 2.3, "Pred_points": 6.33826646526449, "full_name": "CIN"}
{"Diff": 4.205691166618613, "Points": 8.9, "Pred_points": 4.694308833381387, "full_name": "CLE"}
{"Diff": 4.2228423421366985, "Points": 5.4, "Pred_points": 1.177157657863302, "full_name": "SEA"}
{"Diff": 4.428978862735996, "Points": 4.3, "Pred_points": 8.728978862735996, "full_name": "TB"}
{"Diff": 4.460384600618046, "Points": 4.8, "Pred_points": 9.260384600618046, "full_name": "MIN"}
{"Diff": 4.646142425544532, "Points": 6.9, "Pred_points": 2.253857574455468, "full_name": "ARI"}
{"Diff": 4.761551590278442, "Points": 0.0, "Pred_points": 4.761551590278442, "full_name": "MIN"}
{"Diff": 4.978388550626511, "Points": 1.8, "Pred_points": 6.778388550626511, "full_name": "KC"}
{"Diff": 5.2630329819672745, "Points": 7.5, "Pred_points": 2.2369670180327255, "full_name": "IND"}
{"Diff": 5.302142266136011, "Points": 10.3, "Pred_points": 15.602142266136012, "full_name": "DEN"}
{"Diff": 5.369722080981557, "Points": 7.3, "Pred_points": 1.9302779190184434, "full_name": "MIA"}
{"Diff": 5.377953958299269, "Points": 11.3, "Pred_points": 5.922046041700732, "full_name": "CLE"}
{"Diff": 5.521266939855771, "Points": 3.5, "Pred_points": 9.02126693985577, "full_name": "BUF"}
{"Diff": 5.733092072395535,