{"Diff": 0.028371442051087287, "Points": 0.0, "Pred_points": -0.028371442051087287, "full_name": "SEA"}
{"Diff": 0.0414257052420286, "Points": 10.0, "Pred_points": 9.958574294757971, "full_name": "PHI"}
{"Diff": 0.12849412219256706, "Points": 4.1, "Pred_points": 3.9715058778074326, "full_name": "SF"}
{"Diff": 0.18077792131233483, "Points": 2.8, "Pred_points": 2.9807779213123347, "full_name": "OAK"}
{"Diff": 0.21163489577312156, "Points": 1.1, "Pred_points": 1.3116348957731216, "full_name": "CIN"}
{"Diff": 0.2535378191062607, "Points": 0.4, "Pred_points": 0.1464621808937393, "full_name": "PIT"}
{"Diff": 0.2564063774957379, "Points": 5.4, "Pred_points": 5.143593622504262, "full_name": "CLE"}
{"Diff": 0.42954391177188, "Points": 16.4, "Pred_points": 16.82954391177188, "full_name": "DEN"}
{"Diff": 0.46099590975214566, "Points": 1.9, "Pred_points": 2.3609959097521456, "full_name": "DAL"}
{"Diff": 0.5557433378252039, "Points": 2.5, "Pred_points": 3.055743337825204, "full_name": "NO"}
{"Diff": 0.5775261885911642, "Points": 0.4, "Pred_points": 0.9775261885911642, "full_name": "SEA"}
{"Diff": 0.6636108475337898, "Points": 1.3, "Pred_points": 1.96361084753379, "full_name": "MIN"}
{"Diff": 0.7180160777678183, "Points": 0.0, "Pred_points": -0.7180160777678183, "full_name": "SD"}
{"Diff": 0.7205329051451317, "Points": 2.9, "Pred_points": 2.1794670948548682, "full_name": "MIN"}
{"Diff": 0.7345567445530854, "Points": 4.9, "Pred_points": 4.165443255446915, "full_name": "NYG"}
{"Diff": 0.7548697632515786, "Points": 5.9, "Pred_points": 5.145130236748422, "full_name": "CAR"}
{"Diff": 0.7795756472901383, "Points": 3.3, "Pred_points": 4.079575647290138, "full_name": "CIN"}
{"Diff": 0.8055019398397039, "Points": 4.6, "Pred_points": 3.794498060160296, "full_name": "CLE"}
{"Diff": 0.8287887031884025, "Points": 0.8, "Pred_points": 1.6287887031884025, "full_name": "DEN"}
{"Diff": 0.8391226004621792, "Points": 5.2, "Pred_points": 4.360877399537821, "full_name": "CLE"}
{"Diff": 0.9158611492490492, "Points": 8.6, "Pred_points": 7.6841388507509505, "full_name": "TB"}
{"Diff": 0.9569394399061877, "Points": 1.4, "Pred_points": 2.3569394399061876, "full_name": "NYJ"}
{"Diff": 0.9885213768260555, "Points": 0.0, "Pred_points": 0.9885213768260555, "full_name": "MIN"}
{"Diff": 1.0075422285535436, "Points": 1.2, "Pred_points": 0.19245777144645648, "full_name": "DAL"}
{"Diff": 1.0460072925108888, "Points": 7.2, "Pred_points": 8.246007292510889, "full_name": "NO"}
{"Diff": 1.0639367089195626, "Points": 0.0, "Pred_points": 1.0639367089195626, "full_name": "NYJ"}
{"Diff": 1.0817942634148512, "Points": 13.1, "Pred_points": 14.18179426341485, "full_name": "IND"}
{"Diff": 1.0882418898008155, "Points": 1.0, "Pred_points": -0.08824188980081549, "full_name": "JAC"}
{"Diff": 1.1968261542020349, "Points": 4.0, "Pred_points": 5.196826154202035, "full_name": "JAC"}
{"Diff": 1.2590800056152327, "Points": 4.0, "Pred_points": 5.259080005615233, "full_name": "SF"}
{"Diff": 1.2625192705189332, "Points": 0.0, "Pred_points": 1.2625192705189332, "full_name": "STL"}
{"Diff": 1.2678124364733219, "Points": 2.0, "Pred_points": 0.7321875635266781, "full_name": "OAK"}
{"Diff": 1.2962667807181645, "Points": 3.6, "Pred_points": 2.3037332192818356, "full_name": "ARI"}
{"Diff": 1.31711411368416, "Points": 1.2, "Pred_points": -0.11711411368416003, "full_name": "BAL"}
{"Diff": 1.4068919096020238, "Points": 0.0, "Pred_points": 1.4068919096020238, "full_name": "NYJ"}
{"Diff": 1.4421570199902387, "Points": 6.0, "Pred_points": 4.557842980009761, "full_name": "SD"}
{"Diff": 1.443323616386781, "Points": 7.5, "Pred_points": 6.056676383613219, "full_name": "SEA"}
{"Diff": 1.5181992263893314, "Points": 11.3, "Pred_points": 9.78180077361067, "full_name": "NE"}
{"Diff": 1.6070099505080995, "Points": 0.9, "Pred_points": 2.5070099505080994, "full_name": "DEN"}
{"Diff": 1.6074579535258524, "Points": 0.8, "Pred_points": 2.4074579535258525, "full_name": "OAK"}
{"Diff": 1.641066975623129, "Points": 1.3, "Pred_points": 2.941066975623129, "full_name": "TB"}
{"Diff": 1.6443120864511407, "Points": 17.5, "Pred_points": 15.85568791354886, "full_name": "HOU"}
{"Diff": 1.756740520691939, "Points": 0.0, "Pred_points": 1.756740520691939, "full_name": "NYJ"}
{"Diff": 1.7793798138407837, "Points": 4.4, "Pred_points": 2.6206201861592167, "full_name": "STL"}
{"Diff": 1.7983852661686477, "Points": 4.8, "Pred_points": 3.001614733831352, "full_name": "DEN"}
{"Diff": 1.8414176628063348, "Points": 1.8, "Pred_points": -0.04141766280633482, "full_name": "MIA"}
{"Diff": 1.8425761734187036, "Points": 6.3, "Pred_points": 4.457423826581296, "full_name": "CAR"}
{"Diff": 1.9144034669845393, "Points": 0.7, "Pred_points": 2.6144034669845393, "full_name": "STL"}
{"Diff": 2.040256194381744, "Points": 0.7, "Pred_points": 2.740256194381744, "full_name": "NYG"}
{"Diff": 2.0516381722317174, "Points": 2.3, "Pred_points": 0.24836182776828242, "full_name": "OAK"}
{"Diff": 2.1988753886731915, "Points": 1.9, "Pred_points": -0.29887538867319186, "full_name": "SEA"}
{"Diff": 2.341587566179678, "Points": 0.0, "Pred_points": 2.341587566179678, "full_name": "NYG"}
{"Diff": 2.3736933293126414, "Points": 7.9, "Pred_points": 5.526306670687359, "full_name": "MIN"}
{"Diff": 2.374116076238251, "Points": 6.7, "Pred_points": 4.325883923761749, "full_name": "PHI"}
{"Diff": 2.454868800853669, "Points": 4.4, "Pred_points": 1.9451311991463316, "full_name": "IND"}
{"Diff": 2.4943716615206366, "Points": 0.2, "Pred_points": 2.694371661520637, "full_name": "IND"}
{"Diff": 2.557958928481968, "Points": 1.0, "Pred_points": 3.557958928481968, "full_name": "SF"}
{"Diff": 2.558610386816696, "Points": 0.0, "Pred_points": 2.558610386816696, "full_name": "SD"}
{"Diff": 2.7006815474912886, "Points": 2.7, "Pred_points": -0.000681547491288422, "full_name": "BAL"}
{"Diff": 2.856255608561849, "Points": 12.3, "Pred_points": 9.443744391438152, "full_name": "NYJ"}
{"Diff": 2.9737462523848506, "Points": 3.6, "Pred_points": 6.573746252384851, "full_name": "BAL"}
{"Diff": 3.0487670567817986, "Points": 7.6, "Pred_points": 4.551232943218201, "full_name": "MIN"}
{"Diff": 3.1845194508825863, "Points": 5.0, "Pred_points": 8.184519450882586, "full_name": "MIA"}
{"Diff": 3.229871215589994, "Points": 1.3, "Pred_points": 4.529871215589994, "full_name": "PHI"}
{"Diff": 3.262473674867529, "Points": 6.0, "Pred_points": 2.737526325132471, "full_name": "ARI"}
{"Diff": 3.4066992304919177, "Points": 1.5, "Pred_points": 4.906699230491918, "full_name": "WAS"}
{"Diff": 3.4377911647890693, "Points": 5.7, "Pred_points": 2.262208835210931, "full_name": "NE"}
{"Diff": 3.5491228109818955, "Points": 10.1, "Pred_points": 13.649122810981895, "full_name": "CIN"}
{"Diff": 3.614013241451726, "Points": 15.3, "Pred_points": 11.685986758548275, "full_name": "SF"}
{"Diff": 3.642437079353753, "Points": 1.3, "Pred_points": 4.942437079353753, "full_name": "KC"}
{"Diff": 3.703998211234839, "Points": 3.5, "Pred_points": 7.203998211234839, "full_name": "JAC"}
{"Diff": 3.9204708992609856, "Points": 7.4, "Pred_points": 3.479529100739015, "full_name": "IND"}
{"Diff": 3.9610051111971067, "Points": 7.0, "Pred_points": 10.961005111197107, "full_name": "ARI"}
{"Diff": 3.999289888946025, "Points": 2.6, "Pred_points": 6.599289888946025, "full_name": "PHI"}
{"Diff": 4.031178566772664, "Points": 0.8, "Pred_points": 4.831178566772664, "full_name": "CAR"}
{"Diff": 4.421066584920384, "Points": 10.8, "Pred_points": 6.378933415079617, "full_name": "NYG"}
{"Diff": 4.495360377125371, "Points": 7.5, "Pred_points": 11.99536037712537, "full_name": "DAL"}
{"Diff": 4.779483457571427, "Points": 0.9, "Pred_points": 5.679483457571427, "full_name": "KC"}
{"Diff": 4.859700328027822, "Points": 1.0, "Pred_points": 5.859700328027822, "full_name": "KC"}
{"Diff": 5.011874299561333, "Points": 3.1, "Pred_points": 8.111874299561332, "full_name": "DEN"}
{"Diff": 5.013114115164163, "Points": 4.7, "Pred_points": 9.713114115164164, "full_name": "SD"}
{"Diff": 5.103803395023341, "Points": 5.0,