{"Diff": 0.014445112497654122, "Points": 3.5, "Pred_points": 3.485554887502346, "full_name": "CIN"}
{"Diff": 0.0574388604766608, "Points": 0.0, "Pred_points": 0.0574388604766608, "full_name": "ARI"}
{"Diff": 0.06119209354182131, "Points": 1.3, "Pred_points": 1.2388079064581787, "full_name": "MIA"}
{"Diff": 0.067682311622477, "Points": 0.0, "Pred_points": -0.067682311622477, "full_name": "CIN"}
{"Diff": 0.06829738704949095, "Points": 1.5, "Pred_points": 1.568297387049491, "full_name": "BAL"}
{"Diff": 0.10094074578137646, "Points": 0.7, "Pred_points": 0.8009407457813764, "full_name": "SEA"}
{"Diff": 0.10956665410575495, "Points": 2.9, "Pred_points": 3.009566654105755, "full_name": "CAR"}
{"Diff": 0.2095471285784932, "Points": 0.0, "Pred_points": -0.2095471285784932, "full_name": "SD"}
{"Diff": 0.24611653871112416, "Points": 0.0, "Pred_points": -0.24611653871112416, "full_name": "BUF"}
{"Diff": 0.25136502447945874, "Points": 2.9, "Pred_points": 2.648634975520541, "full_name": "OAK"}
{"Diff": 0.3195097918930605, "Points": 5.2, "Pred_points": 4.88049020810694, "full_name": "TB"}
{"Diff": 0.3203059436322353, "Points": 0.9, "Pred_points": 0.5796940563677647, "full_name": "DAL"}
{"Diff": 0.3536375482252727, "Points": 1.1, "Pred_points": 0.7463624517747274, "full_name": "BUF"}
{"Diff": 0.3641554429684293, "Points": 7.4, "Pred_points": 7.035844557031571, "full_name": "ATL"}
{"Diff": 0.40254791605683593, "Points": 0.0, "Pred_points": 0.40254791605683593, "full_name": "TEN"}
{"Diff": 0.43861751227796897, "Points": 2.3, "Pred_points": 1.8613824877220309, "full_name": "OAK"}
{"Diff": 0.4522432816570481, "Points": 7.0, "Pred_points": 6.547756718342952, "full_name": "MIN"}
{"Diff": 0.4620713674946444, "Points": 7.1, "Pred_points": 6.637928632505355, "full_name": "NO"}
{"Diff": 0.47900919344995296, "Points": 2.88, "Pred_points": 2.400990806550047, "full_name": "SEA"}
{"Diff": 0.5084513052433149, "Points": 0.0, "Pred_points": -0.5084513052433149, "full_name": "KC"}
{"Diff": 0.5147858039632514, "Points": 5.6, "Pred_points": 6.114785803963251, "full_name": "NYJ"}
{"Diff": 0.5160519211932577, "Points": 11.6, "Pred_points": 11.083948078806742, "full_name": "HOU"}
{"Diff": 0.5241647537860654, "Points": 5.6, "Pred_points": 6.124164753786065, "full_name": "NYJ"}
{"Diff": 0.5984913309898827, "Points": 5.6, "Pred_points": 5.001508669010117, "full_name": "SEA"}
{"Diff": 0.6997906491077186, "Points": 1.9, "Pred_points": 1.2002093508922813, "full_name": "BUF"}
{"Diff": 0.7347003618695096, "Points": 3.5, "Pred_points": 4.23470036186951, "full_name": "PIT"}
{"Diff": 0.9406510215271346, "Points": 7.5, "Pred_points": 8.440651021527135, "full_name": "TB"}
{"Diff": 0.9662064473915581, "Points": 9.5, "Pred_points": 10.466206447391558, "full_name": "JAC"}
{"Diff": 1.0350301480679893, "Points": 1.6, "Pred_points": 2.6350301480679894, "full_name": "HOU"}
{"Diff": 1.0423115065305102, "Points": 3.2, "Pred_points": 2.15768849346949, "full_name": "OAK"}
{"Diff": 1.119972856791922, "Points": 0.5, "Pred_points": 1.619972856791922, "full_name": "SF"}
{"Diff": 1.185110297073511, "Points": 1.5, "Pred_points": 0.31488970292648893, "full_name": "PHI"}
{"Diff": 1.187324630553311, "Points": 0.0, "Pred_points": 1.187324630553311, "full_name": "TB"}
{"Diff": 1.2242048964692014, "Points": 4.4, "Pred_points": 5.624204896469202, "full_name": "TEN"}
{"Diff": 1.2638785147080367, "Points": 1.2, "Pred_points": -0.06387851470803667, "full_name": "KC"}
{"Diff": 1.3021212146956707, "Points": 2.5, "Pred_points": 3.8021212146956707, "full_name": "BAL"}
{"Diff": 1.3351698513737595, "Points": 0.5, "Pred_points": 1.8351698513737595, "full_name": "TB"}
{"Diff": 1.3974658765581118, "Points": 8.5, "Pred_points": 9.897465876558112, "full_name": "NO"}
{"Diff": 1.4094708737253892, "Points": 1.0, "Pred_points": 2.409470873725389, "full_name": "PIT"}
{"Diff": 1.4474301048372562, "Points": 0.3, "Pred_points": 1.7474301048372562, "full_name": "MIA"}
{"Diff": 1.5097113690676385, "Points": 1.6, "Pred_points": 3.1097113690676386, "full_name": "NE"}
{"Diff": 1.611235086585447, "Points": 4.6, "Pred_points": 2.9887649134145526, "full_name": "NE"}
{"Diff": 1.6366762571474136, "Points": 1.1, "Pred_points": -0.5366762571474134, "full_name": "GB"}
{"Diff": 1.6978200557963237, "Points": 0.0, "Pred_points": 1.6978200557963237, "full_name": "PHI"}
{"Diff": 1.742003432440969, "Points": 1.5, "Pred_points": -0.24200343244096892, "full_name": "DEN"}
{"Diff": 1.8982962399097723, "Points": 10.1, "Pred_points": 11.998296239909772, "full_name": "BAL"}
{"Diff": 1.900688193655721, "Points": 0.0, "Pred_points": 1.900688193655721, "full_name": "NE"}
{"Diff": 1.92063880019108, "Points": 14.9, "Pred_points": 12.97936119980892, "full_name": "DAL"}
{"Diff": 2.0382878641891553, "Points": 6.2, "Pred_points": 8.238287864189155, "full_name": "IND"}
{"Diff": 2.1000226158337982, "Points": 3.4, "Pred_points": 1.2999773841662015, "full_name": "PHI"}
{"Diff": 2.1617230016303246, "Points": 3.2, "Pred_points": 5.361723001630325, "full_name": "KC"}
{"Diff": 2.2048544170780833, "Points": 6.0, "Pred_points": 8.204854417078083, "full_name": "DEN"}
{"Diff": 2.2441417100556413, "Points": 2.3, "Pred_points": 0.055858289944358375, "full_name": "NO"}
{"Diff": 2.308872073257595, "Points": 3.8, "Pred_points": 1.4911279267424047, "full_name": "NO"}
{"Diff": 2.314318830593148, "Points": 8.0, "Pred_points": 10.314318830593148, "full_name": "WAS"}
{"Diff": 2.3342866351798683, "Points": 1.2, "Pred_points": 3.534286635179868, "full_name": "CAR"}
{"Diff": 2.3599587489246674, "Points": 1.1, "Pred_points": -1.2599587489246673, "full_name": "GB"}
{"Diff": 2.5122783483426483, "Points": 1.8, "Pred_points": -0.712278348342648, "full_name": "KC"}
{"Diff": 2.648086017752431, "Points": 4.1, "Pred_points": 1.451913982247569, "full_name": "CLE"}
{"Diff": 2.8277557842724867, "Points": 2.6, "Pred_points": -0.2277557842724868, "full_name": "NE"}
{"Diff": 2.827870938902846, "Points": 8.6, "Pred_points": 11.427870938902846, "full_name": "MIA"}
{"Diff": 2.9631489449728394, "Points": 3.1, "Pred_points": 0.13685105502716055, "full_name": "CLE"}
{"Diff": 3.1522800952777814, "Points": 11.8, "Pred_points": 14.952280095277782, "full_name": "CHI"}
{"Diff": 3.1691445033297274, "Points": 5.1, "Pred_points": 8.269144503329727, "full_name": "DET"}
{"Diff": 3.2111728370690367, "Points": 4.5, "Pred_points": 7.711172837069037, "full_name": "NYG"}
{"Diff": 3.2445442753859455, "Points": -0.6, "Pred_points": 2.6445442753859454, "full_name": "JAC"}
{"Diff": 3.4037203373635627, "Points": 10.2, "Pred_points": 13.603720337363562, "full_name": "CIN"}
{"Diff": 3.427419039333072, "Points": 0.0, "Pred_points": 3.427419039333072, "full_name": "IND"}
{"Diff": 3.4761281412112957, "Points": 2.4, "Pred_points": 5.876128141211296, "full_name": "ARI"}
{"Diff": 3.6516240156729385, "Points": 9.6, "Pred_points": 13.251624015672938, "full_name": "NE"}
{"Diff": 3.6813441782306415, "Points": 3.7, "Pred_points": 0.01865582176935865, "full_name": "TEN"}
{"Diff": 3.918213141508257, "Points": 6.9, "Pred_points": 2.9817868584917435, "full_name": "ATL"}
{"Diff": 3.982267006489301, "Points": 6.2, "Pred_points": 2.2177329935106993, "full_name": "IND"}
{"Diff": 4.270061569056478, "Points": 8.7, "Pred_points": 4.429938430943522, "full_name": "CLE"}
{"Diff": 4.312805523643645, "Points": 5.9, "Pred_points": 10.212805523643645, "full_name": "GB"}
{"Diff": 4.385639541275042, "Points": 0.0, "Pred_points": 4.385639541275042, "full_name": "BAL"}
{"Diff": 4.456299695178579, "Points": 8.0, "Pred_points": 12.45629969517858, "full_name": "IND"}
{"Diff": 4.468538147427385, "Points": 5.8, "Pred_points": 1.3314618525726156, "full_name": "STL"}
{"Diff": 4.545694012082862, "Points": 8.2, "Pred_points": 12.745694012082861, "full_name": "DET"}
{"Diff": 4.549482864936994, "Points": 7.9, "Pred_points": 3.350517135063006, "full_name": "JAC"}
{"Diff": 4.586958738088425, "Points": 1.5, "Pred_points": 6.086958738088425, "full_name": "NYJ"}
{"Diff": 4.660634329702641,