{"Diff": 0.01856649742323757, "Points": 5.3, "Pred_points": 5.318566497423237, "full_name": "BAL"}
{"Diff": 0.048221828938860484, "Points": 0.0, "Pred_points": 0.048221828938860484, "full_name": "TB"}
{"Diff": 0.05517607650479217, "Points": 1.2, "Pred_points": 1.2551760765047921, "full_name": "MIN"}
{"Diff": 0.164553009671371, "Points": 4.6, "Pred_points": 4.435446990328629, "full_name": "CAR"}
{"Diff": 0.1655556960451151, "Points": 0.4, "Pred_points": 0.5655556960451151, "full_name": "MIA"}
{"Diff": 0.272622893465579, "Points": 7.0, "Pred_points": 6.727377106534421, "full_name": "CLE"}
{"Diff": 0.28278998240548603, "Points": 5.2, "Pred_points": 4.917210017594514, "full_name": "SF"}
{"Diff": 0.29466003452568523, "Points": 0.9, "Pred_points": 1.1946600345256853, "full_name": "JAC"}
{"Diff": 0.2993657578171152, "Points": 0.0, "Pred_points": -0.2993657578171152, "full_name": "SD"}
{"Diff": 0.30919549716930117, "Points": 6.0, "Pred_points": 5.690804502830699, "full_name": "NYG"}
{"Diff": 0.33479322040662635, "Points": 0.0, "Pred_points": -0.33479322040662635, "full_name": "PIT"}
{"Diff": 0.354224222570284, "Points": 0.0, "Pred_points": -0.354224222570284, "full_name": "DEN"}
{"Diff": 0.35587384572392544, "Points": 7.9, "Pred_points": 8.255873845723926, "full_name": "MIN"}
{"Diff": 0.36561503226955655, "Points": 0.0, "Pred_points": -0.36561503226955655, "full_name": "CHI"}
{"Diff": 0.3745604104536966, "Points": 3.2, "Pred_points": 3.5745604104536968, "full_name": "CLE"}
{"Diff": 0.3997451495151231, "Points": 0.2, "Pred_points": -0.1997451495151231, "full_name": "SEA"}
{"Diff": 0.41914083858559903, "Points": 1.1, "Pred_points": 0.6808591614144011, "full_name": "NYJ"}
{"Diff": 0.43779458958197076, "Points": 0.3, "Pred_points": -0.13779458958197077, "full_name": "BUF"}
{"Diff": 0.45636249165758735, "Points": 1.3, "Pred_points": 0.8436375083424127, "full_name": "NE"}
{"Diff": 0.45744488544737294, "Points": 8.2, "Pred_points": 8.657444885447372, "full_name": "HOU"}
{"Diff": 0.515352542577078, "Points": 2.1, "Pred_points": 2.615352542577078, "full_name": "CHI"}
{"Diff": 0.525751385988729, "Points": 0.5, "Pred_points": -0.02575138598872891, "full_name": "BUF"}
{"Diff": 0.540157505703211, "Points": 0.0, "Pred_points": -0.540157505703211, "full_name": "BUF"}
{"Diff": 0.5749024230818369, "Points": 1.0, "Pred_points": 1.574902423081837, "full_name": "DAL"}
{"Diff": 0.6007657978068295, "Points": 2.5, "Pred_points": 3.1007657978068295, "full_name": "NO"}
{"Diff": 0.6055024417545205, "Points": 12.3, "Pred_points": 12.905502441754521, "full_name": "NYJ"}
{"Diff": 0.6618167821185779, "Points": 3.8, "Pred_points": 3.138183217881422, "full_name": "ATL"}
{"Diff": 0.7045005657263312, "Points": 1.1, "Pred_points": 0.3954994342736689, "full_name": "JAC"}
{"Diff": 0.7260650204799066, "Points": 1.3, "Pred_points": 0.5739349795200934, "full_name": "HOU"}
{"Diff": 0.744154133659739, "Points": 0.8, "Pred_points": 1.544154133659739, "full_name": "NYJ"}
{"Diff": 0.751558162085616, "Points": 2.1, "Pred_points": 1.348441837914384, "full_name": "NYJ"}
{"Diff": 0.8329702644320154, "Points": 4.6, "Pred_points": 5.432970264432015, "full_name": "STL"}
{"Diff": 0.8682019259645153, "Points": 1.4, "Pred_points": 2.268201925964515, "full_name": "KC"}
{"Diff": 0.9415967781263346, "Points": 7.3, "Pred_points": 8.241596778126334, "full_name": "IND"}
{"Diff": 1.002687097331863, "Points": 1.6, "Pred_points": 0.5973129026681372, "full_name": "KC"}
{"Diff": 1.0327850253764739, "Points": 0.6, "Pred_points": 1.632785025376474, "full_name": "WAS"}
{"Diff": 1.0508113820179434, "Points": 1.3, "Pred_points": 0.24918861798205666, "full_name": "TB"}
{"Diff": 1.0721956517240117, "Points": 0.0, "Pred_points": -1.0721956517240117, "full_name": "BUF"}
{"Diff": 1.0941603871204353, "Points": 0.4, "Pred_points": -0.6941603871204353, "full_name": "BUF"}
{"Diff": 1.1024659335544493, "Points": 0.6, "Pred_points": 1.7024659335544494, "full_name": "NYJ"}
{"Diff": 1.1456109082285901, "Points": 2.9, "Pred_points": 4.04561090822859, "full_name": "NYG"}
{"Diff": 1.1564433689706934, "Points": 11.6, "Pred_points": 10.443556631029306, "full_name": "MIA"}
{"Diff": 1.1861914416149286, "Points": 7.4, "Pred_points": 8.586191441614929, "full_name": "STL"}
{"Diff": 1.1891284975174488, "Points": 4.4, "Pred_points": 3.2108715024825516, "full_name": "SEA"}
{"Diff": 1.1957731361188542, "Points": 0.0, "Pred_points": 1.1957731361188542, "full_name": "CIN"}
{"Diff": 1.2695475750984304, "Points": 4.5, "Pred_points": 5.76954757509843, "full_name": "OAK"}
{"Diff": 1.3295745471474827, "Points": -1.4, "Pred_points": -0.07042545285251729, "full_name": "PIT"}
{"Diff": 1.3597079308622668, "Points": 1.7, "Pred_points": 3.059707930862267, "full_name": "PHI"}
{"Diff": 1.3698800586684734, "Points": 2.0, "Pred_points": 3.3698800586684734, "full_name": "DAL"}
{"Diff": 1.3760042518139752, "Points": 2.6, "Pred_points": 1.2239957481860249, "full_name": "TEN"}
{"Diff": 1.4149144863621963, "Points": 4.9, "Pred_points": 3.485085513637804, "full_name": "TB"}
{"Diff": 1.509455814342676, "Points": 17.2, "Pred_points": 18.709455814342675, "full_name": "GB"}
{"Diff": 1.516399577333247, "Points": 0.0, "Pred_points": 1.516399577333247, "full_name": "HOU"}
{"Diff": 1.569331076432949, "Points": 2.7, "Pred_points": 1.1306689235670513, "full_name": "MIA"}
{"Diff": 1.6433937081019359, "Points": 5.9, "Pred_points": 4.2566062918980645, "full_name": "NYJ"}
{"Diff": 1.6622092330382254, "Points": 3.6, "Pred_points": 1.9377907669617747, "full_name": "MIA"}
{"Diff": 1.6987395937581145, "Points": 2.5, "Pred_points": 0.8012604062418855, "full_name": "TEN"}
{"Diff": 1.7887277971683169, "Points": 0.0, "Pred_points": 1.7887277971683169, "full_name": "NE"}
{"Diff": 1.7984602942217087, "Points": 3.7, "Pred_points": 1.9015397057782915, "full_name": "NO"}
{"Diff": 1.9998867014495127, "Points": 3.7, "Pred_points": 5.699886701449513, "full_name": "STL"}
{"Diff": 2.039408179422283, "Points": 10.6, "Pred_points": 8.560591820577717, "full_name": "DEN"}
{"Diff": 2.0504165954569675, "Points": 0.7, "Pred_points": 2.7504165954569677, "full_name": "MIN"}
{"Diff": 2.050683111055376, "Points": 0.8, "Pred_points": -1.2506831110553758, "full_name": "CAR"}
{"Diff": 2.0756949807479343, "Points": 0.0, "Pred_points": 2.0756949807479343, "full_name": "DET"}
{"Diff": 2.08300280206318, "Points": 4.5, "Pred_points": 2.41699719793682, "full_name": "TB"}
{"Diff": 2.0922053395720406, "Points": 1.3, "Pred_points": 3.3922053395720404, "full_name": "CLE"}
{"Diff": 2.127371797792787, "Points": 1.7, "Pred_points": -0.42737179779278717, "full_name": "SEA"}
{"Diff": 2.179752841977208, "Points": 2.1, "Pred_points": -0.0797528419772079, "full_name": "KC"}
{"Diff": 2.2362001284364563, "Points": 4.2, "Pred_points": 1.9637998715635439, "full_name": "CIN"}
{"Diff": 2.2483226870255852, "Points": 2.9, "Pred_points": 5.148322687025585, "full_name": "OAK"}
{"Diff": 2.297490191063231, "Points": 7.4, "Pred_points": 9.697490191063231, "full_name": "HOU"}
{"Diff": 2.335334787757146, "Points": 0.0, "Pred_points": 2.335334787757146, "full_name": "ARI"}
{"Diff": 2.3436345435660084, "Points": 2.9, "Pred_points": 5.243634543566008, "full_name": "STL"}
{"Diff": 2.3714718469000755, "Points": 0.1, "Pred_points": 2.4714718469000756, "full_name": "TEN"}
{"Diff": 2.419116648486839, "Points": 5.0, "Pred_points": 7.419116648486839, "full_name": "GB"}
{"Diff": 2.5077207838855884, "Points": 14.2, "Pred_points": 11.692279216114411, "full_name": "SF"}
{"Diff": 2.577860729020845, "Points": 12.2, "Pred_points": 14.777860729020844, "full_name": "DEN"}
{"Diff": 2.6977455756037987, "Points": 1.5, "Pred_points": 4.197745575603799, "full_name": "DAL"}
{"Diff": 2.734765976146291, "Points": 2.6, "Pred_points": 5.334765976146291, "full_name": "SF"}
{"Diff": 2.9743987028307783, "Points": 1.9, "Pred_points": -1.0743987028307782, "full_name": "CAR"}
{"Diff": 2.99013760390649, "Points": 16.3, "Pred_points": 13.30986239609351,