{"Diff": 0.01854462447763061, "Points": 0.0, "Pred_points": 0.01854462447763061, "full_name": "SEA"}
{"Diff": 0.022055209079478777, "Points": 0.0, "Pred_points": -0.022055209079478777, "full_name": "NYG"}
{"Diff": 0.0397334350135754, "Points": 12.1, "Pred_points": 12.139733435013575, "full_name": "MIA"}
{"Diff": 0.04508678553111101, "Points": 0.0, "Pred_points": -0.04508678553111101, "full_name": "BAL"}
{"Diff": 0.1139064180058591, "Points": 1.2, "Pred_points": 1.313906418005859, "full_name": "NYJ"}
{"Diff": 0.14753474359287244, "Points": 2.3, "Pred_points": 2.4475347435928723, "full_name": "NYG"}
{"Diff": 0.19809993975421525, "Points": 0.0, "Pred_points": -0.19809993975421525, "full_name": "SD"}
{"Diff": 0.2222611141787092, "Points": 2.5, "Pred_points": 2.277738885821291, "full_name": "MIN"}
{"Diff": 0.2553057214864851, "Points": 3.8, "Pred_points": 3.5446942785135147, "full_name": "NYJ"}
{"Diff": 0.2716007086159964, "Points": 3.6, "Pred_points": 3.3283992913840037, "full_name": "SD"}
{"Diff": 0.30605070932228107, "Points": 1.7, "Pred_points": 2.006050709322281, "full_name": "NYJ"}
{"Diff": 0.37901556485600163, "Points": 1.2, "Pred_points": 1.5790155648560016, "full_name": "PHI"}
{"Diff": 0.463222198988009, "Points": 1.3, "Pred_points": 1.763222198988009, "full_name": "CLE"}
{"Diff": 0.5455319048768795, "Points": 0.9, "Pred_points": 1.4455319048768795, "full_name": "IND"}
{"Diff": 0.6813911582510221, "Points": 2.4, "Pred_points": 1.7186088417489778, "full_name": "IND"}
{"Diff": 0.6845737071489402, "Points": 0.0, "Pred_points": 0.6845737071489402, "full_name": "STL"}
{"Diff": 0.7327354932122216, "Points": 2.9, "Pred_points": 3.6327354932122216, "full_name": "PHI"}
{"Diff": 0.7904033544133631, "Points": 7.8, "Pred_points": 7.009596645586637, "full_name": "BUF"}
{"Diff": 0.8172311741551201, "Points": 9.3, "Pred_points": 10.11723117415512, "full_name": "HOU"}
{"Diff": 0.83050932545062, "Points": 0.6, "Pred_points": -0.23050932545062, "full_name": "ARI"}
{"Diff": 0.8307757812566823, "Points": 0.1, "Pred_points": -0.7307757812566823, "full_name": "NYG"}
{"Diff": 0.8856431044804043, "Points": 2.4, "Pred_points": 1.5143568955195956, "full_name": "NYG"}
{"Diff": 0.9564497774717315, "Points": 1.9, "Pred_points": 2.8564497774717315, "full_name": "CIN"}
{"Diff": 0.9628895343124726, "Points": 3.6, "Pred_points": 4.562889534312473, "full_name": "CAR"}
{"Diff": 0.997551897628, "Points": 9.7, "Pred_points": 10.697551897628, "full_name": "DET"}
{"Diff": 0.9984646134786317, "Points": 11.8, "Pred_points": 12.798464613478632, "full_name": "GB"}
{"Diff": 1.0484250733520069, "Points": 0.9, "Pred_points": -0.14842507335200683, "full_name": "TEN"}
{"Diff": 1.0694244526870529, "Points": 1.3, "Pred_points": 0.23057554731294727, "full_name": "SF"}
{"Diff": 1.0961613734833104, "Points": 11.1, "Pred_points": 10.00383862651669, "full_name": "CHI"}
{"Diff": 1.154782976797914, "Points": 0.9, "Pred_points": -0.25478297679791395, "full_name": "CHI"}
{"Diff": 1.198815479671008, "Points": 1.6, "Pred_points": 2.798815479671008, "full_name": "DEN"}
{"Diff": 1.2377320276310604, "Points": 6.2, "Pred_points": 7.437732027631061, "full_name": "JAC"}
{"Diff": 1.2503356705589672, "Points": 6.4, "Pred_points": 7.650335670558968, "full_name": "JAC"}
{"Diff": 1.2658732762884588, "Points": 6.3, "Pred_points": 5.034126723711541, "full_name": "STL"}
{"Diff": 1.3219192007577476, "Points": 8.0, "Pred_points": 9.321919200757748, "full_name": "MIA"}
{"Diff": 1.3538097156939801, "Points": 2.0, "Pred_points": 0.6461902843060199, "full_name": "CHI"}
{"Diff": 1.5262574111969653, "Points": 0.8, "Pred_points": 2.3262574111969654, "full_name": "CHI"}
{"Diff": 1.5504838163850119, "Points": 2.0, "Pred_points": 0.44951618361498824, "full_name": "CLE"}
{"Diff": 1.6044314818982937, "Points": 1.5, "Pred_points": -0.10443148189829372, "full_name": "NYJ"}
{"Diff": 1.6074146554274797, "Points": 0.0, "Pred_points": 1.6074146554274797, "full_name": "KC"}
{"Diff": 1.6357830440495091, "Points": 1.6, "Pred_points": -0.035783044049509126, "full_name": "NE"}
{"Diff": 1.8958874143151472, "Points": 5.0, "Pred_points": 3.104112585684853, "full_name": "BAL"}
{"Diff": 1.9240832587094348, "Points": 3.2, "Pred_points": 5.124083258709435, "full_name": "CAR"}
{"Diff": 1.9816161144530593, "Points": 7.1, "Pred_points": 9.081616114453059, "full_name": "CHI"}
{"Diff": 1.986772924489677, "Points": 0.4, "Pred_points": 2.386772924489677, "full_name": "DEN"}
{"Diff": 1.9895439789457838, "Points": 3.3, "Pred_points": 1.310456021054216, "full_name": "SF"}
{"Diff": 2.004298077816058, "Points": 7.4, "Pred_points": 9.404298077816058, "full_name": "NYJ"}
{"Diff": 2.005251578231474, "Points": 0.0, "Pred_points": 2.005251578231474, "full_name": "TB"}
{"Diff": 2.1537922053809884, "Points": 1.8, "Pred_points": -0.3537922053809883, "full_name": "DAL"}
{"Diff": 2.2903555538575233, "Points": 15.7, "Pred_points": 13.409644446142476, "full_name": "PHI"}
{"Diff": 2.4168762039803147, "Points": 9.8, "Pred_points": 7.383123796019686, "full_name": "IND"}
{"Diff": 2.47559563213032, "Points": 0.8, "Pred_points": 3.2755956321303197, "full_name": "SEA"}
{"Diff": 2.633702968953564, "Points": 6.9, "Pred_points": 9.533702968953564, "full_name": "ATL"}
{"Diff": 2.6398478768385587, "Points": 9.0, "Pred_points": 11.639847876838559, "full_name": "NO"}
{"Diff": 2.7732668061395813, "Points": 9.4, "Pred_points": 12.173266806139582, "full_name": "OAK"}
{"Diff": 2.780394501231564, "Points": 13.1, "Pred_points": 10.319605498768436, "full_name": "NE"}
{"Diff": 2.8753152904318666, "Points": 3.7, "Pred_points": 6.575315290431867, "full_name": "PHI"}
{"Diff": 2.934757913069717, "Points": 13.2, "Pred_points": 16.134757913069716, "full_name": "ATL"}
{"Diff": 3.0101942496577383, "Points": 4.0, "Pred_points": 0.9898057503422615, "full_name": "CIN"}
{"Diff": 3.049650030167872, "Points": 2.6, "Pred_points": 5.649650030167872, "full_name": "MIA"}
{"Diff": 3.1638099916572258, "Points": 0.0, "Pred_points": 3.1638099916572258, "full_name": "NO"}
{"Diff": 3.3438861442169143, "Points": 0.0, "Pred_points": 3.3438861442169143, "full_name": "WAS"}
{"Diff": 3.392841650336297, "Points": 1.1, "Pred_points": 4.492841650336297, "full_name": "DET"}
{"Diff": 3.471700652226012, "Points": 3.7, "Pred_points": 0.22829934777398808, "full_name": "NE"}
{"Diff": 3.5209018236140617, "Points": 11.4, "Pred_points": 7.879098176385939, "full_name": "WAS"}
{"Diff": 3.5903622997837905, "Points": 0.0, "Pred_points": 3.5903622997837905, "full_name": "NO"}
{"Diff": 3.6446605140027737, "Points": 5.9, "Pred_points": 2.2553394859972267, "full_name": "TEN"}
{"Diff": 3.677186721757731, "Points": 3.6, "Pred_points": 7.277186721757731, "full_name": "BUF"}
{"Diff": 3.697019717162611, "Points": 3.8, "Pred_points": 0.10298028283738866, "full_name": "PIT"}
{"Diff": 3.7441647685231523, "Points": 8.8, "Pred_points": 12.544164768523153, "full_name": "DEN"}
{"Diff": 3.7827463184428862, "Points": 3.0, "Pred_points": -0.7827463184428861, "full_name": "BAL"}
{"Diff": 3.834523612354274, "Points": 0.0, "Pred_points": 3.834523612354274, "full_name": "NE"}
{"Diff": 3.844240046194841, "Points": 8.0, "Pred_points": 4.155759953805159, "full_name": "TB"}
{"Diff": 3.8508840200630328, "Points": 9.9, "Pred_points": 13.750884020063033, "full_name": "SF"}
{"Diff": 3.9042017617719798, "Points": 3.0, "Pred_points": -0.9042017617719799, "full_name": "NYG"}
{"Diff": 3.9725814530512533, "Points": 7.8, "Pred_points": 3.8274185469487465, "full_name": "ARI"}
{"Diff": 3.9736988149231185, "Points": 0.9, "Pred_points": 4.873698814923118, "full_name": "MIA"}
{"Diff": 4.13081798098847, "Points": 0.0, "Pred_points": 4.13081798098847, "full_name": "SF"}
{"Diff": 4.174042302526944, "Points": 8.3, "Pred_points": 12.474042302526945, "full_name": "GB"}
{"Diff": 4.3752878806702284, "Points": 0.0, "Pred_points": 4.3752878806702284, "full_name": "BUF"}
{"Diff": 4.379114653409976, "Points": 6.0, "Pred_points": 1.6208853465900233,