{"Diff": 0.01410347785613203, "Points": 0.0, "Pred_points": 0.01410347785613203, "full_name": "SD"}
{"Diff": 0.030792946953588547, "Points": 0.0, "Pred_points": -0.030792946953588547, "full_name": "TB"}
{"Diff": 0.0534479930245535, "Points": 9.5, "Pred_points": 9.553447993024553, "full_name": "HOU"}
{"Diff": 0.058025130151453976, "Points": 0.0, "Pred_points": -0.058025130151453976, "full_name": "CLE"}
{"Diff": 0.13268540668531692, "Points": 11.9, "Pred_points": 12.032685406685317, "full_name": "CHI"}
{"Diff": 0.19125906059486653, "Points": 4.1, "Pred_points": 3.908740939405133, "full_name": "OAK"}
{"Diff": 0.20648939139669942, "Points": 1.2, "Pred_points": 1.4064893913966994, "full_name": "STL"}
{"Diff": 0.22015277094006458, "Points": 0.7, "Pred_points": 0.4798472290599354, "full_name": "CLE"}
{"Diff": 0.2826255898000136, "Points": 4.1, "Pred_points": 4.382625589800013, "full_name": "JAC"}
{"Diff": 0.2831078090146648, "Points": 0.0, "Pred_points": 0.2831078090146648, "full_name": "DAL"}
{"Diff": 0.28835699989707586, "Points": 1.1, "Pred_points": 0.8116430001029242, "full_name": "DAL"}
{"Diff": 0.3213206816774765, "Points": 1.8, "Pred_points": 1.4786793183225235, "full_name": "HOU"}
{"Diff": 0.3947461766366924, "Points": 6.6, "Pred_points": 6.205253823363307, "full_name": "ATL"}
{"Diff": 0.5110029442562233, "Points": 0.0, "Pred_points": -0.5110029442562233, "full_name": "CIN"}
{"Diff": 0.5155020832916428, "Points": 0.7, "Pred_points": 1.2155020832916428, "full_name": "NYJ"}
{"Diff": 0.5157793655159995, "Points": 2.2, "Pred_points": 2.7157793655159996, "full_name": "SEA"}
{"Diff": 0.633702709922189, "Points": 7.8, "Pred_points": 7.166297290077811, "full_name": "TB"}
{"Diff": 0.6818167067060373, "Points": 0.2, "Pred_points": -0.4818167067060373, "full_name": "BAL"}
{"Diff": 0.7015739204910334, "Points": 3.3, "Pred_points": 2.5984260795089664, "full_name": "STL"}
{"Diff": 0.7267481706233717, "Points": 0.9, "Pred_points": 1.6267481706233717, "full_name": "KC"}
{"Diff": 0.7507579141910443, "Points": 0.6, "Pred_points": -0.1507579141910443, "full_name": "PHI"}
{"Diff": 0.7703034388463259, "Points": 1.3, "Pred_points": 2.070303438846326, "full_name": "SEA"}
{"Diff": 0.8825798268175902, "Points": 9.4, "Pred_points": 8.51742017318241, "full_name": "CAR"}
{"Diff": 0.8887544562936593, "Points": 3.3, "Pred_points": 4.188754456293659, "full_name": "PIT"}
{"Diff": 0.9017607238676341, "Points": 0.6, "Pred_points": 1.501760723867634, "full_name": "OAK"}
{"Diff": 0.9049916855654576, "Points": 6.4, "Pred_points": 7.304991685565458, "full_name": "KC"}
{"Diff": 0.9072834788030852, "Points": 0.0, "Pred_points": 0.9072834788030852, "full_name": "NYJ"}
{"Diff": 0.9633436446103385, "Points": 0.0, "Pred_points": 0.9633436446103385, "full_name": "NYJ"}
{"Diff": 0.9895561218382978, "Points": 2.7, "Pred_points": 1.7104438781617024, "full_name": "NYJ"}
{"Diff": 1.0134358403582115, "Points": 0.1, "Pred_points": 1.1134358403582116, "full_name": "CAR"}
{"Diff": 1.0776480105414552, "Points": 1.0, "Pred_points": 2.077648010541455, "full_name": "CHI"}
{"Diff": 1.1146943380414385, "Points": 18.6, "Pred_points": 17.485305661958563, "full_name": "GB"}
{"Diff": 1.1303961377833076, "Points": 3.3, "Pred_points": 2.169603862216692, "full_name": "HOU"}
{"Diff": 1.145171121148209, "Points": 0.0, "Pred_points": 1.145171121148209, "full_name": "KC"}
{"Diff": 1.2664578815417378, "Points": 4.7, "Pred_points": 3.4335421184582624, "full_name": "PHI"}
{"Diff": 1.275613197238902, "Points": 0.4, "Pred_points": 1.6756131972389021, "full_name": "DET"}
{"Diff": 1.3642235012746853, "Points": 1.1, "Pred_points": 2.4642235012746854, "full_name": "TB"}
{"Diff": 1.5303266663184374, "Points": 5.7, "Pred_points": 4.169673333681563, "full_name": "NO"}
{"Diff": 1.5964942408560083, "Points": 3.1, "Pred_points": 4.696494240856008, "full_name": "DET"}
{"Diff": 1.6144158072569805, "Points": 9.8, "Pred_points": 8.18558419274302, "full_name": "MIN"}
{"Diff": 1.6547457431410222, "Points": 0.9, "Pred_points": 2.554745743141022, "full_name": "OAK"}
{"Diff": 1.6811100914451496, "Points": 6.8, "Pred_points": 5.11888990855485, "full_name": "TEN"}
{"Diff": 1.6884422212546986, "Points": 0.9, "Pred_points": -0.7884422212546985, "full_name": "JAC"}
{"Diff": 1.6950891100555232, "Points": 11.0, "Pred_points": 9.304910889944477, "full_name": "BUF"}
{"Diff": 1.7002746801657191, "Points": -0.4, "Pred_points": 1.3002746801657192, "full_name": "PIT"}
{"Diff": 1.7092657803747158, "Points": 1.9, "Pred_points": 3.6092657803747157, "full_name": "MIA"}
{"Diff": 1.7171383584727555, "Points": 3.3, "Pred_points": 1.5828616415272443, "full_name": "CAR"}
{"Diff": 1.7553943348350964, "Points": 1.0, "Pred_points": 2.7553943348350964, "full_name": "STL"}
{"Diff": 1.843082315207882, "Points": 7.5, "Pred_points": 5.656917684792118, "full_name": "GB"}
{"Diff": 1.8926307313531199, "Points": 4.7, "Pred_points": 6.59263073135312, "full_name": "WAS"}
{"Diff": 1.9077946884814945, "Points": 3.6, "Pred_points": 1.6922053115185056, "full_name": "CIN"}
{"Diff": 1.971310329330834, "Points": 2.7, "Pred_points": 0.7286896706691661, "full_name": "IND"}
{"Diff": 2.034109588245018, "Points": 1.8, "Pred_points": -0.2341095882450177, "full_name": "PHI"}
{"Diff": 2.10008830582382, "Points": 1.8, "Pred_points": -0.3000883058238199, "full_name": "DEN"}
{"Diff": 2.1316259560408195, "Points": 1.5, "Pred_points": -0.6316259560408193, "full_name": "BAL"}
{"Diff": 2.151053027493542, "Points": 4.3, "Pred_points": 2.1489469725064576, "full_name": "DET"}
{"Diff": 2.365127635694525, "Points": 3.4, "Pred_points": 1.0348723643054747, "full_name": "CLE"}
{"Diff": 2.427125562454351, "Points": 5.8, "Pred_points": 8.22712556245435, "full_name": "ATL"}
{"Diff": 2.595935480011663, "Points": 6.1, "Pred_points": 8.695935480011663, "full_name": "SEA"}
{"Diff": 2.613744256486598, "Points": 5.0, "Pred_points": 2.386255743513402, "full_name": "WAS"}
{"Diff": 2.6210345727159856, "Points": 5.8, "Pred_points": 8.421034572715985, "full_name": "SD"}
{"Diff": 2.7613123861902213, "Points": 3.5, "Pred_points": 6.261312386190221, "full_name": "BAL"}
{"Diff": 2.9692449640480074, "Points": 1.5, "Pred_points": 4.469244964048007, "full_name": "SEA"}
{"Diff": 3.019965377711534, "Points": 0.0, "Pred_points": 3.019965377711534, "full_name": "BAL"}
{"Diff": 3.1770437942331426, "Points": 13.9, "Pred_points": 10.722956205766858, "full_name": "SD"}
{"Diff": 3.2425377885364766, "Points": 1.8, "Pred_points": 5.042537788536476, "full_name": "MIN"}
{"Diff": 3.2666143807514523, "Points": 18.4, "Pred_points": 15.133385619248546, "full_name": "NE"}
{"Diff": 3.3429281236657022, "Points": 4.9, "Pred_points": 8.242928123665703, "full_name": "NO"}
{"Diff": 3.386789828697419, "Points": 6.3, "Pred_points": 2.913210171302581, "full_name": "MIA"}
{"Diff": 3.3908003759680687, "Points": 0.7, "Pred_points": 4.090800375968069, "full_name": "MIA"}
{"Diff": 3.447446068540367, "Points": 2.8, "Pred_points": -0.647446068540367, "full_name": "JAC"}
{"Diff": 3.457314421783537, "Points": 5.2, "Pred_points": 1.742685578216463, "full_name": "STL"}
{"Diff": 3.671557226978206, "Points": 6.9, "Pred_points": 3.2284427730217944, "full_name": "DAL"}
{"Diff": 3.6803362987064894, "Points": 9.1, "Pred_points": 5.41966370129351, "full_name": "TEN"}
{"Diff": 3.6982703199602343, "Points": 6.2, "Pred_points": 9.898270319960234, "full_name": "OAK"}
{"Diff": 3.707414841123565, "Points": 6.3, "Pred_points": 2.592585158876435, "full_name": "DAL"}
{"Diff": 3.9449753709562723, "Points": 5.3, "Pred_points": 9.244975370956272, "full_name": "TEN"}
{"Diff": 3.9668962406426758, "Points": 9.0, "Pred_points": 12.966896240642676, "full_name": "DAL"}
{"Diff": 4.112755847325756, "Points": 13.6, "Pred_points": 9.487244152674243, "full_name": "WAS"}
{"Diff": 4.175696135021411, "Points": 22.0, "Pred_points": 17.82430386497859, "full_name": "ARI"}
{"Diff": 4.200925854560831, "Points": 2.9, "Pred_points": 7.100925854560831, "full_name": "SD"}
{"Diff": 4.264255846608247,