{"Diff": 0.003985760341365108, "Points": 19.4, "Pred_points": 19.396014239658633, "full_name": "Andre Ellington"}
{"Diff": 0.12029431992793693, "Points": 2.2, "Pred_points": 2.320294319927937, "full_name": "Carlos Hyde"}
{"Diff": 0.16821741226449038, "Points": 5.0, "Pred_points": 5.16821741226449, "full_name": "DeAngelo Williams"}
{"Diff": 0.3456669044479739, "Points": 5.7, "Pred_points": 6.045666904447974, "full_name": "Tre Mason"}
{"Diff": 0.4123180757345537, "Points": 2.8, "Pred_points": 2.387681924265446, "full_name": "Kyle Juszczyk"}
{"Diff": 0.44687899303237133, "Points": 0.0, "Pred_points": -0.44687899303237133, "full_name": "Will Tukuafu"}
{"Diff": 0.47220009383498507, "Points": 14.8, "Pred_points": 15.272200093834986, "full_name": "Jamaal Charles"}
{"Diff": 0.5090741215277954, "Points": 2.8, "Pred_points": 2.2909258784722044, "full_name": "Marcus Thigpen"}
{"Diff": 0.5157077727539097, "Points": 0.0, "Pred_points": 0.5157077727539097, "full_name": "Cyrus Gray"}
{"Diff": 0.51574038888486, "Points": 0.0, "Pred_points": 0.51574038888486, "full_name": "Anthony Sherman"}
{"Diff": 0.853715539674195, "Points": 0.0, "Pred_points": -0.853715539674195, "full_name": "Tyler Clutts"}
{"Diff": 1.0536202168266546, "Points": 0.2, "Pred_points": -0.8536202168266547, "full_name": "Joseph Randle"}
{"Diff": 1.1025255395108715, "Points": 1.2, "Pred_points": 0.09747446048912839, "full_name": "Juwan Thompson"}
{"Diff": 1.1090628469894184, "Points": 3.5, "Pred_points": 2.3909371530105816, "full_name": "Lorenzo Taliaferro"}
{"Diff": 1.2513270338232338, "Points": 11.8, "Pred_points": 10.548672966176767, "full_name": "Le'Veon Bell"}
{"Diff": 1.2703010620973156, "Points": 3.0, "Pred_points": 4.270301062097316, "full_name": "Travaris Cadet"}
{"Diff": 1.2851686074062325, "Points": 12.3, "Pred_points": 13.585168607406233, "full_name": "LeSean McCoy"}
{"Diff": 1.3912248767026516, "Points": 0.9, "Pred_points": 2.2912248767026515, "full_name": "Mike James"}
{"Diff": 1.4992735576044145, "Points": 0.1, "Pred_points": -1.3992735576044144, "full_name": "Will Johnson"}
{"Diff": 1.530165447988602, "Points": 0.0, "Pred_points": -1.530165447988602, "full_name": "Brandon Bolden"}
{"Diff": 1.7238477184775718, "Points": 0.0, "Pred_points": -1.7238477184775718, "full_name": "Chase Reynolds"}
{"Diff": 1.774073391707018, "Points": 3.1, "Pred_points": 4.874073391707018, "full_name": "Cedric Peerman"}
{"Diff": 1.7760657866752751, "Points": 0.5, "Pred_points": 2.276065786675275, "full_name": "Bruce Miller"}
{"Diff": 1.79926303357409, "Points": 0.4, "Pred_points": -1.3992630335740899, "full_name": "Dri Archer"}
{"Diff": 1.9693251757167776, "Points": 7.2, "Pred_points": 5.230674824283223, "full_name": "Marion Grice"}
{"Diff": 2.0468883082186786, "Points": 1.6, "Pred_points": -0.44688830821867837, "full_name": "Christine Michael"}
{"Diff": 2.0844879799994285, "Points": 11.7, "Pred_points": 9.61551202000057, "full_name": "Lamar Miller"}
{"Diff": 2.1071049958303805, "Points": 0.9, "Pred_points": -1.2071049958303803, "full_name": "Maurice Jones-Drew"}
{"Diff": 2.192765911609448, "Points": 0.2, "Pred_points": 2.392765911609448, "full_name": "Bernard Pierce"}
{"Diff": 2.2846583757535015, "Points": 7.0, "Pred_points": 4.7153416242464985, "full_name": "Peyton Hillis"}
{"Diff": 2.3238261912325675, "Points": 0.6, "Pred_points": -1.7238261912325676, "full_name": "Trey Watts"}
{"Diff": 2.4100559598210927, "Points": 1.2, "Pred_points": -1.2100559598210927, "full_name": "Latavius Murray"}
{"Diff": 2.4934460003536536, "Points": 6.7, "Pred_points": 4.206553999646347, "full_name": "Darren McFadden"}
{"Diff": 2.519186703164953, "Points": 3.6, "Pred_points": 6.119186703164953, "full_name": "Knile Davis"}
{"Diff": 2.559689395366847, "Points": 2.2, "Pred_points": -0.3596893953668468, "full_name": "Daniel Thomas"}
{"Diff": 2.701002115134217, "Points": 0.5, "Pred_points": -2.201002115134217, "full_name": "Ronnie Brown"}
{"Diff": 2.757668339746619, "Points": 6.8, "Pred_points": 4.042331660253381, "full_name": "Toby Gerhart"}
{"Diff": 2.8055907158098243, "Points": 3.2, "Pred_points": 6.0055907158098245, "full_name": "Ben Tate"}
{"Diff": 2.8301818669162087, "Points": 1.3, "Pred_points": -1.5301818669162088, "full_name": "James Develin"}
{"Diff": 2.888276320044175, "Points": 2.6, "Pred_points": 5.488276320044175, "full_name": "Branden Oliver"}
{"Diff": 2.894411394474508, "Points": 9.0, "Pred_points": 6.105588605525492, "full_name": "Darren Sproles"}
{"Diff": 3.099424060259579, "Points": 1.4, "Pred_points": 4.499424060259579, "full_name": "Dan Herron"}
{"Diff": 3.326149220359917, "Points": 1.8, "Pred_points": 5.126149220359917, "full_name": "Robert Hughes"}
{"Diff": 3.3640053359521707, "Points": 3.3, "Pred_points": -0.06400533595217084, "full_name": "Jonas Gray"}
{"Diff": 3.3850541082944483, "Points": 2.0, "Pred_points": -1.3850541082944485, "full_name": "Bilal Powell"}
{"Diff": 3.4104506659384937, "Points": 2.2, "Pred_points": -1.2104506659384937, "full_name": "Marcel Reece"}
{"Diff": 3.640418197889818, "Points": 1.0, "Pred_points": 4.640418197889818, "full_name": "Alfred Blue"}
{"Diff": 3.874087697657064, "Points": 1.0, "Pred_points": 4.874087697657064, "full_name": "Rex Burkhead"}
{"Diff": 3.89206327431243, "Points": 2.2, "Pred_points": 6.09206327431243, "full_name": "Chris Ivory"}
{"Diff": 4.016753864698124, "Points": 17.9, "Pred_points": 21.916753864698123, "full_name": "Arian Foster"}
{"Diff": 4.10019765123427, "Points": 0.2, "Pred_points": 4.30019765123427, "full_name": "Edwin Baker"}
{"Diff": 4.267497183724638, "Points": 0.0, "Pred_points": 4.267497183724638, "full_name": "Erik Lorig"}
{"Diff": 4.432208006281047, "Points": 4.2, "Pred_points": 8.632208006281047, "full_name": "Trent Richardson"}
{"Diff": 4.514444400873856, "Points": 9.0, "Pred_points": 13.514444400873856, "full_name": "DeMarco Murray"}
{"Diff": 4.515267155317329, "Points": 0.2, "Pred_points": 4.7152671553173295, "full_name": "Henry Hynoski"}
{"Diff": 4.574884171911082, "Points": 4.6, "Pred_points": 9.174884171911081, "full_name": "Jonathan Stewart"}
{"Diff": 4.615539717055299, "Points": 0.0, "Pred_points": 4.615539717055299, "full_name": "Jay Prosch"}
{"Diff": 4.719892782930132, "Points": 5.8, "Pred_points": 10.519892782930132, "full_name": "Frank Gore"}
{"Diff": 5.018414032851862, "Points": 5.2, "Pred_points": 0.18158596714813824, "full_name": "Roy Helu"}
{"Diff": 5.02983303294908, "Points": 2.9, "Pred_points": -2.1298330329490796, "full_name": "Donald Brown"}
{"Diff": 5.301098957012599, "Points": 23.0, "Pred_points": 17.6989010429874, "full_name": "Mark Ingram"}
{"Diff": 5.321554998368336, "Points": 5.1, "Pred_points": -0.2215549983683368, "full_name": "C.J. Anderson"}
{"Diff": 5.346518284574959, "Points": 4.9, "Pred_points": -0.4465182845749582, "full_name": "Robert Turbin"}
{"Diff": 5.462926891591866, "Points": 5.1, "Pred_points": -0.36292689159186625, "full_name": "Damien Williams"}
{"Diff": 5.525144793478532, "Points": 10.6, "Pred_points": 5.074855206521468, "full_name": "Andre Williams"}
{"Diff": 6.067345546729865, "Points": 11.0, "Pred_points": 4.932654453270135, "full_name": "Terrance West"}
{"Diff": 6.351160399260861, "Points": 7.9, "Pred_points": 14.251160399260861, "full_name": "Ahmad Bradshaw"}
{"Diff": 6.598973797641099, "Points": 5.2, "Pred_points": -1.398973797641099, "full_name": "LeGarrette Blount"}
{"Diff": 6.756292929307389, "Points": 18.3, "Pred_points": 11.543707070692612, "full_name": "Ronnie Hillman"}
{"Diff": 6.784767400595198, "Points": 11.5, "Pred_points": 4.715232599404802, "full_name": "Michael Cox"}
{"Diff": 6.953689757633915, "Points": 6.1, "Pred_points": -0.8536897576339154, "full_name": "Lance Dunbar"}
{"Diff": 7.015369961758385, "Points": 6.8, "Pred_points": -0.21536996175838477, "full_name": "Jerick McKinnon"}
{"Diff": 7.59547874703708, "Points": 10.5, "Pred_points": 2.90452125296292, "full_name": "Justin Forsett"}
{"Diff": 8.60555060480913, "Points": 10.1, "Pred_points": 1.49444939519087,