{"Diff": 0.11938661995031954, "Points": 0.3, "Pred_points": 0.18061338004968044, "full_name": "Jed Collins"}
{"Diff": 0.18469406919059428, "Points": 0.7, "Pred_points": 0.5153059308094057, "full_name": "Shane Vereen"}
{"Diff": 0.2038003029122173, "Points": 4.7, "Pred_points": 4.9038003029122175, "full_name": "Lorenzo Taliaferro"}
{"Diff": 0.3498237474142645, "Points": 11.9, "Pred_points": 11.550176252585736, "full_name": "Ahmad Bradshaw"}
{"Diff": 0.40453860069599035, "Points": 2.7, "Pred_points": 2.29546139930401, "full_name": "LeGarrette Blount"}
{"Diff": 0.42464179520998835, "Points": 3.4, "Pred_points": 2.9753582047900116, "full_name": "Zac Stacy"}
{"Diff": 0.5842501572851537, "Points": 5.2, "Pred_points": 4.6157498427148465, "full_name": "Peyton Hillis"}
{"Diff": 0.6844449423881649, "Points": 5.3, "Pred_points": 4.615555057611835, "full_name": "Michael Cox"}
{"Diff": 0.7060521925782339, "Points": 10.3, "Pred_points": 9.593947807421767, "full_name": "Fred Jackson"}
{"Diff": 0.7119292280546645, "Points": 15.4, "Pred_points": 14.688070771945336, "full_name": "LeSean McCoy"}
{"Diff": 0.7594550204660937, "Points": 5.2, "Pred_points": 5.959455020466094, "full_name": "Tre Mason"}
{"Diff": 0.776055519423478, "Points": 1.5, "Pred_points": 2.276055519423478, "full_name": "Bruce Miller"}
{"Diff": 0.8039490445053601, "Points": 1.5, "Pred_points": 2.30394904450536, "full_name": "Carlos Hyde"}
{"Diff": 0.8178978996577584, "Points": 5.5, "Pred_points": 6.317897899657758, "full_name": "Alfred Morris"}
{"Diff": 0.8524709820682075, "Points": 4.0, "Pred_points": 4.8524709820682075, "full_name": "Eddie Lacy"}
{"Diff": 0.8529047348499157, "Points": 0.0, "Pred_points": -0.8529047348499157, "full_name": "Silas Redd"}
{"Diff": 0.8632036863862858, "Points": 0.5, "Pred_points": -0.3632036863862857, "full_name": "Jamize Olawale"}
{"Diff": 1.2259258922209124, "Points": 6.1, "Pred_points": 4.874074107779087, "full_name": "Jackie Battle"}
{"Diff": 1.2659123010648903, "Points": 1.6, "Pred_points": 0.33408769893510976, "full_name": "George Winn"}
{"Diff": 1.3105038724326126, "Points": 0.1, "Pred_points": -1.2105038724326125, "full_name": "Tyler Clutts"}
{"Diff": 1.325920767884952, "Points": 6.2, "Pred_points": 4.874079232115048, "full_name": "Leon Washington"}
{"Diff": 1.5301919566577444, "Points": 0.0, "Pred_points": -1.5301919566577444, "full_name": "John Conner"}
{"Diff": 1.5931247603486538, "Points": 0.2, "Pred_points": -1.3931247603486538, "full_name": "James Develin"}
{"Diff": 1.5934771695631262, "Points": 13.3, "Pred_points": 14.893477169563127, "full_name": "Lamar Miller"}
{"Diff": 1.663149880208847, "Points": 1.3, "Pred_points": -0.3631498802088468, "full_name": "Marcel Reece"}
{"Diff": 1.7238345575911955, "Points": 0.0, "Pred_points": -1.7238345575911955, "full_name": "Trey Watts"}
{"Diff": 1.7689869767417683, "Points": 9.3, "Pred_points": 11.068986976741769, "full_name": "Andre Ellington"}
{"Diff": 1.8360441736784452, "Points": 27.7, "Pred_points": 25.863955826321554, "full_name": "Matt Forte"}
{"Diff": 1.9001230990757314, "Points": 6.8, "Pred_points": 4.899876900924268, "full_name": "Bishop Sankey"}
{"Diff": 1.928844863184899, "Points": 0.4, "Pred_points": -1.528844863184899, "full_name": "Bilal Powell"}
{"Diff": 1.9528364469859847, "Points": 0.7, "Pred_points": -1.2528364469859847, "full_name": "Robert Hughes"}
{"Diff": 1.9573157529374376, "Points": 3.6, "Pred_points": 5.557315752937438, "full_name": "Denard Robinson"}
{"Diff": 1.999222910884915, "Points": 2.9, "Pred_points": 4.899222910884915, "full_name": "Kyle Juszczyk"}
{"Diff": 2.099048731848756, "Points": 2.9, "Pred_points": 4.999048731848756, "full_name": "Stevan Ridley"}
{"Diff": 2.122917100354534, "Points": 3.1, "Pred_points": 5.222917100354534, "full_name": "Devonta Freeman"}
{"Diff": 2.1328710058763845, "Points": 1.0, "Pred_points": -1.1328710058763847, "full_name": "Stepfan Taylor"}
{"Diff": 2.1370289200418338, "Points": 7.7, "Pred_points": 5.562971079958166, "full_name": "Storm Johnson"}
{"Diff": 2.1649329075210733, "Points": 1.9, "Pred_points": 4.064932907521073, "full_name": "Darrin Reaves"}
{"Diff": 2.1899484923253842, "Points": 5.8, "Pred_points": 7.989948492325384, "full_name": "Andre Williams"}
{"Diff": 2.3877129502804886, "Points": 0.0, "Pred_points": 2.3877129502804886, "full_name": "Ray Agnew"}
{"Diff": 2.4653922687601555, "Points": 2.1, "Pred_points": 4.565392268760156, "full_name": "Chris Ivory"}
{"Diff": 2.5251252618833506, "Points": 2.3, "Pred_points": -0.22512526188335094, "full_name": "Anthony Dixon"}
{"Diff": 2.5258725386091916, "Points": 7.4, "Pred_points": 4.874127461390809, "full_name": "Dexter McCluster"}
{"Diff": 2.5472384935035954, "Points": 2.2, "Pred_points": 4.747238493503596, "full_name": "Alfred Blue"}
{"Diff": 2.6512319862742606, "Points": 0.0, "Pred_points": 2.6512319862742606, "full_name": "Damien Williams"}
{"Diff": 2.915830147801349, "Points": 1.3, "Pred_points": -1.615830147801349, "full_name": "Matt Asiata"}
{"Diff": 2.9543387031203854, "Points": 2.6, "Pred_points": 5.5543387031203855, "full_name": "Jordan Todman"}
{"Diff": 3.046907221745495, "Points": 2.6, "Pred_points": -0.44690722174549463, "full_name": "Ronnie Brown"}
{"Diff": 3.1782045137131867, "Points": 8.6, "Pred_points": 5.421795486286813, "full_name": "Darren McFadden"}
{"Diff": 3.179760999870076, "Points": 1.1, "Pred_points": 4.279760999870076, "full_name": "Chris Johnson"}
{"Diff": 3.2148779048353986, "Points": 3.8, "Pred_points": 0.5851220951646012, "full_name": "Juwan Thompson"}
{"Diff": 3.2756761520334745, "Points": 5.1, "Pred_points": 8.375676152033474, "full_name": "C.J. Spiller"}
{"Diff": 3.2931007904026703, "Points": 1.9, "Pred_points": -1.3931007904026707, "full_name": "Brandon Bolden"}
{"Diff": 3.4089293680960457, "Points": 10.1, "Pred_points": 6.691070631903954, "full_name": "Trent Richardson"}
{"Diff": 3.5535006605112427, "Points": 2.0, "Pred_points": 5.553500660511243, "full_name": "Will Ta'ufo'ou"}
{"Diff": 3.7009810643357093, "Points": 1.5, "Pred_points": -2.2009810643357093, "full_name": "John Kuhn"}
{"Diff": 3.734148427960319, "Points": 9.5, "Pred_points": 5.765851572039681, "full_name": "Jeremy Hill"}
{"Diff": 4.13153713154067, "Points": 1.0, "Pred_points": 5.13153713154067, "full_name": "Robert Turbin"}
{"Diff": 4.267503226157475, "Points": 0.0, "Pred_points": 4.267503226157475, "full_name": "Cedric Peerman"}
{"Diff": 4.2738128897403715, "Points": 4.0, "Pred_points": -0.27381288974037193, "full_name": "Maurice Jones-Drew"}
{"Diff": 4.280160149619079, "Points": 9.2, "Pred_points": 4.91983985038092, "full_name": "Bernard Pierce"}
{"Diff": 4.285077883319416, "Points": 0.0, "Pred_points": 4.285077883319416, "full_name": "Rex Burkhead"}
{"Diff": 4.321191239033683, "Points": 0.9, "Pred_points": 5.221191239033684, "full_name": "Jacquizz Rodgers"}
{"Diff": 4.657314432269522, "Points": 1.4, "Pred_points": -3.257314432269522, "full_name": "Jerome Felton"}
{"Diff": 4.7697416604843745, "Points": 26.1, "Pred_points": 21.330258339515627, "full_name": "Arian Foster"}
{"Diff": 5.009049562885044, "Points": 1.9, "Pred_points": 6.909049562885045, "full_name": "Ka'Deem Carey"}
{"Diff": 5.1665576038478545, "Points": 11.1, "Pred_points": 5.933442396152145, "full_name": "Justin Forsett"}
{"Diff": 5.220715206712655, "Points": 0.0, "Pred_points": 5.220715206712655, "full_name": "Patrick DiMarco"}
{"Diff": 5.359334507407227, "Points": 4.8, "Pred_points": -0.5593345074072275, "full_name": "Doug Martin"}
{"Diff": 5.500696924795421, "Points": 3.3, "Pred_points": -2.2006969247954213, "full_name": "DuJuan Harris"}
{"Diff": 5.582615865384351, "Points": 21.7, "Pred_points": 16.117384134615648, "full_name": "Giovani Bernard"}
{"Diff": 5.584350412596789, "Points": 4.2, "Pred_points": -1.3843504125967894, "full_name": "Bobby Rainey"}
{"Diff": 5.610492181193108, "Points": 4.4, "Pred_points": -1.210492181193108, "full_name": "Lance Dunbar"}
{"Diff": 6.039985302938913, "Points": 10.5, "Pred_points": 16.539985302938913,