{"Diff": 0.03004846046215759, "Points": 3.9, "Pred_points": 3.9300484604621575, "full_name": "Joique Bell"}
{"Diff": 0.15209974107783975, "Points": 7.8, "Pred_points": 7.64790025892216, "full_name": "Branden Oliver"}
{"Diff": 0.22529954531382423, "Points": 0.0, "Pred_points": -0.22529954531382423, "full_name": "Anthony Sherman"}
{"Diff": 0.28799827816824397, "Points": 5.0, "Pred_points": 5.287998278168244, "full_name": "LeGarrette Blount"}
{"Diff": 0.3157125664222005, "Points": 0.2, "Pred_points": 0.5157125664222005, "full_name": "Theo Riddick"}
{"Diff": 0.400207737547567, "Points": 6.2, "Pred_points": 5.799792262452433, "full_name": "Steven Jackson"}
{"Diff": 0.5156863836552493, "Points": 0.0, "Pred_points": 0.5156863836552493, "full_name": "Jed Collins"}
{"Diff": 0.5169556525659073, "Points": 0.0, "Pred_points": 0.5169556525659073, "full_name": "Montell Owens"}
{"Diff": 0.6408693956211768, "Points": 0.2, "Pred_points": -0.4408693956211769, "full_name": "Orleans Darkwa"}
{"Diff": 0.763210129856089, "Points": 0.4, "Pred_points": -0.363210129856089, "full_name": "Will Ta'ufo'ou"}
{"Diff": 0.9163063880998616, "Points": 3.6, "Pred_points": 4.516306388099862, "full_name": "Lance Dunbar"}
{"Diff": 0.9345673943993147, "Points": -2.0, "Pred_points": -1.0654326056006853, "full_name": "Tauren Poole"}
{"Diff": 1.126296664455431, "Points": 4.0, "Pred_points": 5.126296664455431, "full_name": "Travaris Cadet"}
{"Diff": 1.3528344328306354, "Points": 0.1, "Pred_points": -1.2528344328306353, "full_name": "Henry Hynoski"}
{"Diff": 1.3929262363046397, "Points": 0.0, "Pred_points": -1.3929262363046397, "full_name": "Jonathan Grimes"}
{"Diff": 1.4600636755695433, "Points": 15.0, "Pred_points": 13.539936324430457, "full_name": "Alfred Morris"}
{"Diff": 1.7072128313578199, "Points": 0.3, "Pred_points": 2.00721283135782, "full_name": "Frank Summers"}
{"Diff": 1.8189684522342984, "Points": 2.0, "Pred_points": 0.18103154776570154, "full_name": "Devonta Freeman"}
{"Diff": 2.0113387519657167, "Points": 17.1, "Pred_points": 19.111338751965718, "full_name": "Matt Forte"}
{"Diff": 2.03375882250505, "Points": 2.6, "Pred_points": 4.63375882250505, "full_name": "Carlos Hyde"}
{"Diff": 2.187684835658191, "Points": 0.2, "Pred_points": 2.3876848356581912, "full_name": "Jorvorskie Lane"}
{"Diff": 2.200997787752721, "Points": 0.0, "Pred_points": -2.200997787752721, "full_name": "Jamize Olawale"}
{"Diff": 2.316228647323797, "Points": 2.2, "Pred_points": 4.516228647323797, "full_name": "Joseph Randle"}
{"Diff": 2.3962645207774957, "Points": 0.3, "Pred_points": -2.096264520777496, "full_name": "Maurice Jones-Drew"}
{"Diff": 2.3998827462546615, "Points": 1.8, "Pred_points": 4.199882746254661, "full_name": "Bobby Rainey"}
{"Diff": 2.637406793790244, "Points": 0.0, "Pred_points": 2.637406793790244, "full_name": "Senorise Perry"}
{"Diff": 2.700966629872097, "Points": 0.5, "Pred_points": -2.200966629872097, "full_name": "Marcel Reece"}
{"Diff": 2.714721440147531, "Points": 2.8, "Pred_points": 5.514721440147531, "full_name": "Stevan Ridley"}
{"Diff": 3.153497738047941, "Points": 2.4, "Pred_points": 5.553497738047941, "full_name": "Dan Herron"}
{"Diff": 3.223048352979859, "Points": 2.0, "Pred_points": 5.223048352979859, "full_name": "DuJuan Harris"}
{"Diff": 3.256304820264537, "Points": 0.0, "Pred_points": -3.256304820264537, "full_name": "Bilal Powell"}
{"Diff": 3.3524300891078, "Points": 6.5, "Pred_points": 3.1475699108922, "full_name": "Reggie Bush"}
{"Diff": 3.4590171934948852, "Points": 5.4, "Pred_points": 8.859017193494886, "full_name": "Donald Brown"}
{"Diff": 3.4675183329049046, "Points": 0.8, "Pred_points": 4.2675183329049045, "full_name": "Kyle Juszczyk"}
{"Diff": 3.499420710144297, "Points": 1.0, "Pred_points": 4.499420710144297, "full_name": "Darrel Young"}
{"Diff": 3.518751269015393, "Points": 3.7, "Pred_points": 0.18124873098460728, "full_name": "Jacquizz Rodgers"}
{"Diff": 3.562830841129803, "Points": 3.2, "Pred_points": -0.3628308411298027, "full_name": "Denard Robinson"}
{"Diff": 3.717418037952954, "Points": 1.0, "Pred_points": 4.717418037952954, "full_name": "Shonn Greene"}
{"Diff": 3.7931312753645616, "Points": 2.4, "Pred_points": -1.3931312753645617, "full_name": "Jay Prosch"}
{"Diff": 3.8592447000706134, "Points": 2.5, "Pred_points": -1.3592447000706132, "full_name": "Alfred Blue"}
{"Diff": 3.9152665836549225, "Points": 0.8, "Pred_points": 4.715266583654922, "full_name": "Dexter McCluster"}
{"Diff": 3.9708061216625214, "Points": 8.5, "Pred_points": 12.470806121662521, "full_name": "Fred Jackson"}
{"Diff": 4.093248101936371, "Points": 11.2, "Pred_points": 15.29324810193637, "full_name": "Ahmad Bradshaw"}
{"Diff": 4.1002464817080995, "Points": 8.6, "Pred_points": 4.4997535182919, "full_name": "Roy Helu"}
{"Diff": 4.263178329444708, "Points": 11.9, "Pred_points": 16.16317832944471, "full_name": "Eddie Lacy"}
{"Diff": 4.352778110749398, "Points": 3.1, "Pred_points": -1.252778110749398, "full_name": "Peyton Hillis"}
{"Diff": 4.562558069429781, "Points": 7.2, "Pred_points": 2.637441930570219, "full_name": "Ka'Deem Carey"}
{"Diff": 4.615538041356846, "Points": 0.0, "Pred_points": 4.615538041356846, "full_name": "Bruce Miller"}
{"Diff": 4.640252750301352, "Points": 3.4, "Pred_points": -1.2402527503013525, "full_name": "DeAngelo Williams"}
{"Diff": 4.715232192422467, "Points": 0.0, "Pred_points": 4.715232192422467, "full_name": "Jackie Battle"}
{"Diff": 4.749531856119814, "Points": 15.5, "Pred_points": 10.750468143880186, "full_name": "Knile Davis"}
{"Diff": 4.763437744261475, "Points": 10.5, "Pred_points": 5.736562255738525, "full_name": "Khiry Robinson"}
{"Diff": 4.79927266422542, "Points": 0.1, "Pred_points": 4.899272664225419, "full_name": "Dri Archer"}
{"Diff": 4.799470382132026, "Points": 5.2, "Pred_points": 9.999470382132026, "full_name": "Rashad Jennings"}
{"Diff": 4.826429054433281, "Points": 1.7, "Pred_points": 6.526429054433281, "full_name": "LeSean McCoy"}
{"Diff": 4.899215376805671, "Points": 0.0, "Pred_points": 4.899215376805671, "full_name": "Will Johnson"}
{"Diff": 4.899693408074606, "Points": 3.6, "Pred_points": -1.2996934080746065, "full_name": "James White"}
{"Diff": 4.926204196058094, "Points": 0.2, "Pred_points": 5.126204196058094, "full_name": "Austin Johnson"}
{"Diff": 4.969412217735604, "Points": 16.6, "Pred_points": 11.630587782264397, "full_name": "C.J. Spiller"}
{"Diff": 5.099079574083107, "Points": 3.7, "Pred_points": -1.399079574083107, "full_name": "Darrin Reaves"}
{"Diff": 5.200265581808891, "Points": 6.1, "Pred_points": 11.30026558180889, "full_name": "Arian Foster"}
{"Diff": 5.919360989490578, "Points": 6.1, "Pred_points": 0.18063901050942233, "full_name": "Patrick DiMarco"}
{"Diff": 6.273826182607331, "Points": 2.3, "Pred_points": 8.57382618260733, "full_name": "Pierre Thomas"}
{"Diff": 6.4347299661781, "Points": 6.0, "Pred_points": -0.4347299661781004, "full_name": "Daniel Thomas"}
{"Diff": 6.960597752399034, "Points": 11.7, "Pred_points": 4.739402247600966, "full_name": "Bishop Sankey"}
{"Diff": 7.138456424964453, "Points": 6.7, "Pred_points": -0.4384564249644524, "full_name": "Shane Vereen"}
{"Diff": 7.1739701081428695, "Points": 16.7, "Pred_points": 9.52602989185713, "full_name": "Lamar Miller"}
{"Diff": 7.529258487809169, "Points": 11.8, "Pred_points": 4.270741512190832, "full_name": "Lorenzo Taliaferro"}
{"Diff": 7.873758745517085, "Points": 7.2, "Pred_points": -0.6737587455170845, "full_name": "Darren McFadden"}
{"Diff": 7.907510910440646, "Points": 27.5, "Pred_points": 19.592489089559354, "full_name": "DeMarco Murray"}
{"Diff": 8.22382736105673, "Points": 6.5, "Pred_points": -1.7238273610567292, "full_name": "Chris Polk"}
{"Diff": 8.288168149291552, "Points": 15.2, "Pred_points": 6.911831850708447, "full_name": "Jerick McKinnon"}
{"Diff": 8.360772105445461, "Points": 8.0, "Pred_points": -0.3607721054454604, "full_name": "Toby Gerhart"}
{"Diff": 8.601274416432764, "Points": 11.6, "Pred_points": 2.9987255835672357,