{"Diff": 0.02437172019740519, "Points": 5.7, "Pred_points": 5.724371720197405, "full_name": "Ryan Mathews"}
{"Diff": 0.058141545537261585, "Points": 7.7, "Pred_points": 7.641858454462739, "full_name": "Joique Bell"}
{"Diff": 0.1810732630471401, "Points": 0.0, "Pred_points": 0.1810732630471401, "full_name": "Brandon Bolden"}
{"Diff": 0.2088567270115651, "Points": 3.9, "Pred_points": 4.108856727011565, "full_name": "Khiry Robinson"}
{"Diff": 0.2840694464933823, "Points": 0.8, "Pred_points": 0.5159305535066178, "full_name": "John Kuhn"}
{"Diff": 0.426131228343678, "Points": 4.7, "Pred_points": 5.126131228343678, "full_name": "Leon Washington"}
{"Diff": 0.5025243869737546, "Points": 1.9, "Pred_points": 1.3974756130262453, "full_name": "Andre Williams"}
{"Diff": 0.6469014254318135, "Points": 0.2, "Pred_points": -0.44690142543181355, "full_name": "Ronnie Brown"}
{"Diff": 0.6627011654389774, "Points": 3.3, "Pred_points": 2.6372988345610224, "full_name": "Tommy Bohanon"}
{"Diff": 0.6748809223550225, "Points": 16.2, "Pred_points": 16.874880922355022, "full_name": "LeSean McCoy"}
{"Diff": 0.721245397468838, "Points": 21.3, "Pred_points": 20.578754602531163, "full_name": "DeMarco Murray"}
{"Diff": 0.764203501334741, "Points": 5.3, "Pred_points": 6.064203501334741, "full_name": "Lamar Miller"}
{"Diff": 0.7839978311721758, "Points": 5.7, "Pred_points": 4.916002168827824, "full_name": "Isaiah Crowell"}
{"Diff": 0.852282629079348, "Points": 0.0, "Pred_points": -0.852282629079348, "full_name": "Peyton Hillis"}
{"Diff": 0.9073513615328883, "Points": 1.1, "Pred_points": 2.0073513615328884, "full_name": "Marcel Reece"}
{"Diff": 0.9988626160735876, "Points": 10.7, "Pred_points": 11.698862616073587, "full_name": "Le'Veon Bell"}
{"Diff": 1.0144123613287626, "Points": 13.5, "Pred_points": 14.514412361328763, "full_name": "Frank Gore"}
{"Diff": 1.1402969059535835, "Points": 4.0, "Pred_points": 5.1402969059535835, "full_name": "Shonn Greene"}
{"Diff": 1.2086944960555326, "Points": 3.5, "Pred_points": 2.2913055039444674, "full_name": "Travaris Cadet"}
{"Diff": 1.226250298949775, "Points": 3.9, "Pred_points": 5.126250298949775, "full_name": "Dexter McCluster"}
{"Diff": 1.2744098354275404, "Points": 3.6, "Pred_points": 4.8744098354275405, "full_name": "Roy Helu"}
{"Diff": 1.3377705393681625, "Points": 1.0, "Pred_points": 2.3377705393681625, "full_name": "Austin Johnson"}
{"Diff": 1.346172244580936, "Points": 0.9, "Pred_points": -0.446172244580936, "full_name": "Jonathan Grimes"}
{"Diff": 1.4243460744872456, "Points": 1.2, "Pred_points": -0.22434607448724556, "full_name": "Jerick McKinnon"}
{"Diff": 1.5193597199339746, "Points": 1.7, "Pred_points": 0.18064028006602537, "full_name": "James Develin"}
{"Diff": 1.627656990652789, "Points": 0.7, "Pred_points": 2.327656990652789, "full_name": "Mike James"}
{"Diff": 1.7238531055816149, "Points": 0.0, "Pred_points": -1.7238531055816149, "full_name": "Shaun Draughn"}
{"Diff": 1.7409069234429682, "Points": 2.3, "Pred_points": 4.040906923442968, "full_name": "Jacquizz Rodgers"}
{"Diff": 1.7719694319363946, "Points": 4.0, "Pred_points": 5.771969431936395, "full_name": "Shane Vereen"}
{"Diff": 1.8308871652065886, "Points": 16.4, "Pred_points": 14.56911283479341, "full_name": "Mark Ingram"}
{"Diff": 1.8359942633762136, "Points": 2.2, "Pred_points": 4.035994263376214, "full_name": "Devonta Freeman"}
{"Diff": 1.8391047422131237, "Points": 12.3, "Pred_points": 14.139104742213124, "full_name": "Marshawn Lynch"}
{"Diff": 1.9760495371984923, "Points": 0.3, "Pred_points": 2.2760495371984923, "full_name": "Jorvorskie Lane"}
{"Diff": 2.017009011662161, "Points": 10.6, "Pred_points": 8.582990988337839, "full_name": "Chris Ivory"}
{"Diff": 2.0324890619723597, "Points": 6.3, "Pred_points": 4.26751093802764, "full_name": "Jed Collins"}
{"Diff": 2.0757574166401085, "Points": 8.9, "Pred_points": 10.975757416640109, "full_name": "Rashad Jennings"}
{"Diff": 2.1155300179951393, "Points": 2.5, "Pred_points": 4.615530017995139, "full_name": "Dan Herron"}
{"Diff": 2.136113875964494, "Points": 1.9, "Pred_points": 4.036113875964494, "full_name": "Antone Smith"}
{"Diff": 2.144977186149587, "Points": 4.8, "Pred_points": 2.6550228138504126, "full_name": "Bilal Powell"}
{"Diff": 2.1990366355125985, "Points": 0.8, "Pred_points": -1.3990366355125985, "full_name": "LeGarrette Blount"}
{"Diff": 2.330189016981882, "Points": 0.8, "Pred_points": -1.530189016981882, "full_name": "Cyrus Gray"}
{"Diff": 2.3878630603520477, "Points": 0.0, "Pred_points": 2.3878630603520477, "full_name": "Lorenzo Taliaferro"}
{"Diff": 2.5932052804953294, "Points": 7.5, "Pred_points": 4.906794719504671, "full_name": "Trent Richardson"}
{"Diff": 2.652637322823585, "Points": 1.4, "Pred_points": -1.2526373228235854, "full_name": "Denard Robinson"}
{"Diff": 2.853975047705843, "Points": 2.7, "Pred_points": 5.553975047705843, "full_name": "Lance Dunbar"}
{"Diff": 2.9009819108229262, "Points": 0.7, "Pred_points": -2.2009819108229265, "full_name": "Frank Summers"}
{"Diff": 2.9527561317405313, "Points": 1.7, "Pred_points": -1.2527561317405314, "full_name": "Toby Gerhart"}
{"Diff": 2.9541898885359728, "Points": 2.6, "Pred_points": 5.554189888535973, "full_name": "Joseph Randle"}
{"Diff": 3.026115024679251, "Points": 2.1, "Pred_points": 5.126115024679251, "full_name": "Jackie Battle"}
{"Diff": 3.1991723783827544, "Points": 3.2, "Pred_points": 6.3991723783827545, "full_name": "Pierre Thomas"}
{"Diff": 3.2929040586225193, "Points": 1.9, "Pred_points": -1.3929040586225192, "full_name": "Damien Williams"}
{"Diff": 3.3206997547150716, "Points": 1.9, "Pred_points": 5.2206997547150715, "full_name": "Bruce Miller"}
{"Diff": 3.33590503508769, "Points": 1.9, "Pred_points": 5.23590503508769, "full_name": "Benny Cunningham"}
{"Diff": 3.677964226219265, "Points": 11.1, "Pred_points": 14.777964226219265, "full_name": "Zac Stacy"}
{"Diff": 3.7643943457154707, "Points": 5.1, "Pred_points": 1.335605654284529, "full_name": "Fred Jackson"}
{"Diff": 3.7948409697533947, "Points": 22.9, "Pred_points": 19.105159030246604, "full_name": "Giovani Bernard"}
{"Diff": 3.823789927835012, "Points": 2.1, "Pred_points": -1.7237899278350117, "full_name": "Senorise Perry"}
{"Diff": 3.8259278766702103, "Points": 8.7, "Pred_points": 4.874072123329789, "full_name": "Darrel Young"}
{"Diff": 3.900941868732276, "Points": 1.7, "Pred_points": -2.200941868732276, "full_name": "Anthony Dixon"}
{"Diff": 4.2675149422459695, "Points": 0.0, "Pred_points": 4.2675149422459695, "full_name": "Theo Riddick"}
{"Diff": 4.299431948703147, "Points": 0.2, "Pred_points": 4.4994319487031476, "full_name": "Robert Hughes"}
{"Diff": 4.306241879977005, "Points": 3.1, "Pred_points": -1.2062418799770047, "full_name": "Donald Brown"}
{"Diff": 4.337687266029995, "Points": 3.1, "Pred_points": -1.2376872660299953, "full_name": "Orleans Darkwa"}
{"Diff": 4.445675256484567, "Points": 4.0, "Pred_points": -0.445675256484567, "full_name": "Alfred Blue"}
{"Diff": 4.484192329838937, "Points": 3.1, "Pred_points": -1.384192329838937, "full_name": "C.J. Anderson"}
{"Diff": 4.516149832542526, "Points": 0.0, "Pred_points": 4.516149832542526, "full_name": "Ray Agnew"}
{"Diff": 4.600514174053794, "Points": 9.1, "Pred_points": 4.499485825946206, "full_name": "Jonathan Dwyer"}
{"Diff": 4.691984291239449, "Points": 7.2, "Pred_points": 2.508015708760551, "full_name": "Justin Forsett"}
{"Diff": 4.7132800524008225, "Points": 21.6, "Pred_points": 16.88671994759918, "full_name": "Ahmad Bradshaw"}
{"Diff": 4.7152686328119024, "Points": 0.0, "Pred_points": 4.7152686328119024, "full_name": "Chris Polk"}
{"Diff": 4.87525688904952, "Points": 3.2, "Pred_points": 8.07525688904952, "full_name": "Reggie Bush"}
{"Diff": 4.899244249789867, "Points": 0.0, "Pred_points": 4.899244249789867, "full_name": "Chase Reynolds"}
{"Diff": 5.079360612699763, "Points": 0.3, "Pred_points": 5.379360612699763, "full_name": "Bishop Sankey"}
{"Diff": 5.094852396147885, "Points": 10.1, "Pred_points": 5.005147603852115,