{"Diff": 0.03244776633297686, "Points": 0.6, "Pred_points": 0.6324477663329768, "full_name": "Lamar Miller"}
{"Diff": 0.10082783526543415, "Points": -1.5, "Pred_points": -1.3991721647345658, "full_name": "Shonn Greene"}
{"Diff": 0.23799026532238932, "Points": 2.4, "Pred_points": 2.6379902653223892, "full_name": "Ka'Deem Carey"}
{"Diff": 0.5442885769005561, "Points": 3.6, "Pred_points": 3.055711423099444, "full_name": "Darren McFadden"}
{"Diff": 0.7909257988723373, "Points": 1.5, "Pred_points": 2.2909257988723373, "full_name": "Rex Burkhead"}
{"Diff": 0.8537087033405218, "Points": 0.0, "Pred_points": -0.8537087033405218, "full_name": "Chase Reynolds"}
{"Diff": 0.8753721210085582, "Points": -1.4, "Pred_points": -0.5246278789914417, "full_name": "Knile Davis"}
{"Diff": 0.9182584161179381, "Points": 8.1, "Pred_points": 9.018258416117938, "full_name": "Tre Mason"}
{"Diff": 1.0156920284719146, "Points": -0.5, "Pred_points": 0.5156920284719148, "full_name": "Will Johnson"}
{"Diff": 1.2065477480951694, "Points": 0.8, "Pred_points": -0.4065477480951693, "full_name": "Juwan Thompson"}
{"Diff": 1.230690359132522, "Points": 4.9, "Pred_points": 3.6693096408674784, "full_name": "Fred Jackson"}
{"Diff": 1.323627428572415, "Points": 17.8, "Pred_points": 16.476372571427586, "full_name": "Eddie Lacy"}
{"Diff": 1.373253214169706, "Points": 6.5, "Pred_points": 5.126746785830294, "full_name": "Jordan Todman"}
{"Diff": 1.3805430581337248, "Points": 14.3, "Pred_points": 12.919456941866276, "full_name": "Frank Gore"}
{"Diff": 1.3931231709885095, "Points": 0.0, "Pred_points": -1.3931231709885095, "full_name": "Cyrus Gray"}
{"Diff": 1.3931238381145175, "Points": 0.0, "Pred_points": -1.3931238381145175, "full_name": "Anthony Sherman"}
{"Diff": 1.530184069374146, "Points": 0.0, "Pred_points": -1.530184069374146, "full_name": "Jamize Olawale"}
{"Diff": 1.5748440275260958, "Points": 2.1, "Pred_points": 0.5251559724739044, "full_name": "LeGarrette Blount"}
{"Diff": 1.6869212150858863, "Points": 0.3, "Pred_points": -1.3869212150858863, "full_name": "Frank Summers"}
{"Diff": 1.8164771739691403, "Points": 5.6, "Pred_points": 7.41647717396914, "full_name": "Bobby Rainey"}
{"Diff": 1.9297802484852138, "Points": 2.8, "Pred_points": 4.729780248485214, "full_name": "DeAngelo Williams"}
{"Diff": 1.9792268317602604, "Points": 7.2, "Pred_points": 5.22077316823974, "full_name": "DuJuan Harris"}
{"Diff": 1.9953793719512776, "Points": 0.4, "Pred_points": 2.3953793719512775, "full_name": "Bilal Powell"}
{"Diff": 2.110429501142863, "Points": 0.9, "Pred_points": -1.2104295011428632, "full_name": "Peyton Hillis"}
{"Diff": 2.1787046492007223, "Points": 0.1, "Pred_points": 2.2787046492007224, "full_name": "Marion Grice"}
{"Diff": 2.2585293328567424, "Points": 15.5, "Pred_points": 13.241470667143258, "full_name": "Steven Jackson"}
{"Diff": 2.4300908183950836, "Points": 0.9, "Pred_points": -1.5300908183950834, "full_name": "Marcel Reece"}
{"Diff": 2.4551727436741575, "Points": 3.1, "Pred_points": 5.555172743674158, "full_name": "Bernard Pierce"}
{"Diff": 2.490907948278449, "Points": -0.2, "Pred_points": 2.290907948278449, "full_name": "Cedric Peerman"}
{"Diff": 2.4992715421641725, "Points": 1.1, "Pred_points": -1.3992715421641726, "full_name": "Jackie Battle"}
{"Diff": 2.6005091570601335, "Points": 7.1, "Pred_points": 4.499490842939866, "full_name": "Christine Michael"}
{"Diff": 2.6373181587647276, "Points": 0.0, "Pred_points": 2.6373181587647276, "full_name": "Senorise Perry"}
{"Diff": 2.642298161146119, "Points": -0.6, "Pred_points": -3.242298161146119, "full_name": "Daniel Thomas"}
{"Diff": 2.9535023391189763, "Points": 2.6, "Pred_points": 5.553502339118976, "full_name": "Kyle Juszczyk"}
{"Diff": 3.1238527098591486, "Points": 1.4, "Pred_points": -1.723852709859149, "full_name": "Erik Lorig"}
{"Diff": 3.1677187100786903, "Points": 1.1, "Pred_points": 4.26771871007869, "full_name": "Chris Polk"}
{"Diff": 3.220753179918545, "Points": 2.0, "Pred_points": 5.220753179918545, "full_name": "John Kuhn"}
{"Diff": 3.2249453081248776, "Points": 1.7, "Pred_points": -1.5249453081248774, "full_name": "Maurice Jones-Drew"}
{"Diff": 3.300807448482801, "Points": 1.2, "Pred_points": 4.500807448482801, "full_name": "Robert Turbin"}
{"Diff": 3.3917340025802147, "Points": 10.3, "Pred_points": 6.908265997419786, "full_name": "Marcus Thigpen"}
{"Diff": 3.578158724960375, "Points": 1.4, "Pred_points": 4.978158724960375, "full_name": "Devonta Freeman"}
{"Diff": 3.705440926770283, "Points": 1.2, "Pred_points": 4.905440926770283, "full_name": "Jacquizz Rodgers"}
{"Diff": 4.121538567635126, "Points": 2.5, "Pred_points": -1.6215385676351257, "full_name": "Reggie Bush"}
{"Diff": 4.17430084176592, "Points": 0.7, "Pred_points": 4.87430084176592, "full_name": "Lance Dunbar"}
{"Diff": 4.215259527307293, "Points": 11.9, "Pred_points": 7.684740472692708, "full_name": "Jonathan Stewart"}
{"Diff": 4.216131719364845, "Points": 0.3, "Pred_points": 4.516131719364845, "full_name": "Bruce Miller"}
{"Diff": 4.22691461842319, "Points": 1.0, "Pred_points": 5.22691461842319, "full_name": "James Starks"}
{"Diff": 4.5624392500703586, "Points": 1.0, "Pred_points": 5.5624392500703586, "full_name": "Lorenzo Taliaferro"}
{"Diff": 4.606173566595376, "Points": 0.3, "Pred_points": 4.906173566595376, "full_name": "Antone Smith"}
{"Diff": 4.89925266340189, "Points": 0.0, "Pred_points": 4.89925266340189, "full_name": "Patrick DiMarco"}
{"Diff": 4.932711825399498, "Points": 0.2, "Pred_points": 5.1327118253994986, "full_name": "Toby Gerhart"}
{"Diff": 5.121758100636299, "Points": 3.5, "Pred_points": 8.621758100636299, "full_name": "Chris Johnson"}
{"Diff": 5.201000443958499, "Points": 3.0, "Pred_points": -2.2010004439584985, "full_name": "Jed Collins"}
{"Diff": 5.308398674010579, "Points": 1.6, "Pred_points": 6.908398674010579, "full_name": "Mike James"}
{"Diff": 5.345181636682865, "Points": 13.9, "Pred_points": 8.554818363317136, "full_name": "Mark Ingram"}
{"Diff": 5.740942287052901, "Points": 5.1, "Pred_points": 10.8409422870529, "full_name": "Chris Ivory"}
{"Diff": 5.984453413716807, "Points": 10.6, "Pred_points": 4.615546586283193, "full_name": "Fozzy Whittaker"}
{"Diff": 6.010499851841884, "Points": 4.8, "Pred_points": -1.2104998518418848, "full_name": "Michael Cox"}
{"Diff": 6.047051850120634, "Points": 10.1, "Pred_points": 4.052948149879366, "full_name": "Isaiah Crowell"}
{"Diff": 6.2022431588890825, "Points": 2.0, "Pred_points": 8.202243158889083, "full_name": "Charles Sims"}
{"Diff": 6.291544515694545, "Points": 4.9, "Pred_points": -1.3915445156945447, "full_name": "De'Anthony Thomas"}
{"Diff": 6.390767783207725, "Points": 10.2, "Pred_points": 16.590767783207724, "full_name": "Andre Ellington"}
{"Diff": 6.428413053593816, "Points": 4.1, "Pred_points": 10.528413053593816, "full_name": "Jeremy Hill"}
{"Diff": 6.725478175985956, "Points": 11.6, "Pred_points": 4.874521824014043, "full_name": "Joseph Randle"}
{"Diff": 7.269501267045992, "Points": 17.8, "Pred_points": 10.530498732954008, "full_name": "Jamaal Charles"}
{"Diff": 7.3613272742583025, "Points": 13.1, "Pred_points": 20.461327274258302, "full_name": "DeMarco Murray"}
{"Diff": 7.429709784314405, "Points": 5.9, "Pred_points": -1.5297097843144047, "full_name": "Latavius Murray"}
{"Diff": 7.57999433407001, "Points": 6.2, "Pred_points": -1.37999433407001, "full_name": "Anthony Dixon"}
{"Diff": 7.7800962872126656, "Points": 12.1, "Pred_points": 4.319903712787334, "full_name": "Ben Tate"}
{"Diff": 7.815935654266421, "Points": 7.7, "Pred_points": 15.515935654266421, "full_name": "LeSean McCoy"}
{"Diff": 8.159119541885584, "Points": 2.2, "Pred_points": 10.359119541885583, "full_name": "Ronnie Hillman"}
{"Diff": 8.656685701774718, "Points": 6.9, "Pred_points": 15.556685701774718, "full_name": "Le'Veon Bell"}
{"Diff": 8.700838261688139, "Points": 6.5, "Pred_points": -2.2008382616881383, "full_name": "Theo Riddick"}
{"Diff": 8.977306875972383, "Points": 7.7, "Pred_points": -1.277306875972383,