{"Diff": 0.050862435039845444, "Points": 2.6, "Pred_points": 2.6508624350398455, "full_name": "Doug Martin"}
{"Diff": 0.06890576853653751, "Points": 4.2, "Pred_points": 4.268905768536538, "full_name": "Robert Turbin"}
{"Diff": 0.08135361409834102, "Points": 0.1, "Pred_points": 0.18135361409834103, "full_name": "Mike James"}
{"Diff": 0.12387703149457785, "Points": 2.4, "Pred_points": 2.276122968505422, "full_name": "Anthony Sherman"}
{"Diff": 0.3547295074614407, "Points": 0.0, "Pred_points": -0.3547295074614407, "full_name": "C.J. Anderson"}
{"Diff": 0.8283546170285243, "Points": 4.3, "Pred_points": 5.128354617028524, "full_name": "Roy Helu"}
{"Diff": 0.8323644024651742, "Points": 6.4, "Pred_points": 5.567635597534826, "full_name": "Alfred Blue"}
{"Diff": 0.9182077618705371, "Points": 9.7, "Pred_points": 8.781792238129462, "full_name": "LeSean McCoy"}
{"Diff": 0.9588134262263461, "Points": 1.5, "Pred_points": 0.5411865737736539, "full_name": "Bryce Brown"}
{"Diff": 0.9740212113648465, "Points": 1.4, "Pred_points": 2.3740212113648465, "full_name": "Maurice Jones-Drew"}
{"Diff": 1.101100081325078, "Points": 2.0, "Pred_points": 3.101100081325078, "full_name": "Chris Johnson"}
{"Diff": 1.1089163415084093, "Points": 3.4, "Pred_points": 2.2910836584915906, "full_name": "Marcel Reece"}
{"Diff": 1.2946555535683357, "Points": 6.3, "Pred_points": 7.5946555535683355, "full_name": "Branden Oliver"}
{"Diff": 1.3096278884997512, "Points": 0.1, "Pred_points": -1.2096278884997511, "full_name": "Darrin Reaves"}
{"Diff": 1.322783179375354, "Points": 0.9, "Pred_points": -0.42278317937535403, "full_name": "Isaiah Crowell"}
{"Diff": 1.3869529223665749, "Points": 0.0, "Pred_points": -1.3869529223665749, "full_name": "Chase Reynolds"}
{"Diff": 1.5527361560236823, "Points": 0.3, "Pred_points": -1.2527361560236823, "full_name": "Joseph Randle"}
{"Diff": 1.6876881131087236, "Points": 0.7, "Pred_points": 2.3876881131087235, "full_name": "Dan Herron"}
{"Diff": 1.7165044258111615, "Points": 4.1, "Pred_points": 2.383495574188838, "full_name": "De'Anthony Thomas"}
{"Diff": 1.9080086490846768, "Points": 0.1, "Pred_points": 2.008008649084677, "full_name": "Shonn Greene"}
{"Diff": 1.909941964742596, "Points": 3.0, "Pred_points": 4.909941964742596, "full_name": "Daniel Thomas"}
{"Diff": 1.9356084233929667, "Points": 2.1, "Pred_points": 4.035608423392967, "full_name": "Kyle Juszczyk"}
{"Diff": 2.017147461073998, "Points": 2.7, "Pred_points": 4.717147461073998, "full_name": "LeGarrette Blount"}
{"Diff": 2.059228727642825, "Points": 4.7, "Pred_points": 2.640771272357175, "full_name": "Travaris Cadet"}
{"Diff": 2.110502773319165, "Points": 0.9, "Pred_points": -1.2105027733191651, "full_name": "Chris Ogbonnaya"}
{"Diff": 2.253686331929486, "Points": 1.4, "Pred_points": -0.8536863319294864, "full_name": "Chris Polk"}
{"Diff": 2.276109833439477, "Points": 0.0, "Pred_points": 2.276109833439477, "full_name": "Cyrus Gray"}
{"Diff": 2.290932028849968, "Points": 0.0, "Pred_points": 2.290932028849968, "full_name": "Jamize Olawale"}
{"Diff": 2.3162319595889445, "Points": 3.7, "Pred_points": 1.383768040411056, "full_name": "Zac Stacy"}
{"Diff": 2.3374723524558503, "Points": 0.3, "Pred_points": 2.63747235245585, "full_name": "Austin Johnson"}
{"Diff": 2.5122153828020544, "Points": 8.6, "Pred_points": 6.087784617197945, "full_name": "Jonas Gray"}
{"Diff": 2.5152262086743846, "Points": 2.2, "Pred_points": 4.715226208674385, "full_name": "Will Johnson"}
{"Diff": 2.530191995969399, "Points": 1.0, "Pred_points": -1.530191995969399, "full_name": "Ronnie Brown"}
{"Diff": 2.53428583491471, "Points": 2.1, "Pred_points": -0.4342858349147098, "full_name": "Terrance West"}
{"Diff": 2.5858696735182427, "Points": 14.5, "Pred_points": 11.914130326481757, "full_name": "Alfred Morris"}
{"Diff": 2.7846311244017947, "Points": 18.2, "Pred_points": 15.415368875598205, "full_name": "Eddie Lacy"}
{"Diff": 2.952799624381822, "Points": 1.7, "Pred_points": -1.252799624381822, "full_name": "Lance Dunbar"}
{"Diff": 3.067535623572925, "Points": 1.2, "Pred_points": 4.267535623572925, "full_name": "Christine Michael"}
{"Diff": 3.257310480148283, "Points": 0.0, "Pred_points": -3.257310480148283, "full_name": "Patrick DiMarco"}
{"Diff": 3.2918700932828138, "Points": 8.2, "Pred_points": 11.491870093282813, "full_name": "Jerick McKinnon"}
{"Diff": 3.3155911113631102, "Points": 1.3, "Pred_points": 4.61559111136311, "full_name": "Robert Hughes"}
{"Diff": 3.363268169565135, "Points": 14.7, "Pred_points": 11.336731830434864, "full_name": "Ahmad Bradshaw"}
{"Diff": 3.404776901599376, "Points": 6.0, "Pred_points": 2.595223098400624, "full_name": "Bishop Sankey"}
{"Diff": 3.4968154668542217, "Points": 1.3, "Pred_points": -2.1968154668542215, "full_name": "Toby Gerhart"}
{"Diff": 3.5252244530378176, "Points": 3.3, "Pred_points": -0.22522445303781768, "full_name": "Ka'Deem Carey"}
{"Diff": 3.554457754968025, "Points": 1.7, "Pred_points": 5.254457754968025, "full_name": "James White"}
{"Diff": 3.5583664201627787, "Points": 13.8, "Pred_points": 10.241633579837222, "full_name": "Ronnie Hillman"}
{"Diff": 3.610953204592766, "Points": 10.7, "Pred_points": 7.089046795407233, "full_name": "Giovani Bernard"}
{"Diff": 3.7413662171646784, "Points": 14.8, "Pred_points": 18.54136621716468, "full_name": "Le'Veon Bell"}
{"Diff": 3.756696621684346, "Points": 0.5, "Pred_points": -3.256696621684346, "full_name": "Antone Smith"}
{"Diff": 3.8373130349737448, "Points": -1.2, "Pred_points": 2.637313034973745, "full_name": "Erik Lorig"}
{"Diff": 3.879431194175505, "Points": 4.4, "Pred_points": 0.5205688058244954, "full_name": "Anthony Dixon"}
{"Diff": 3.9261110832563357, "Points": 1.2, "Pred_points": 5.126111083256336, "full_name": "Darrel Young"}
{"Diff": 4.047165565583584, "Points": 8.5, "Pred_points": 4.452834434416416, "full_name": "Justin Forsett"}
{"Diff": 4.116287419403552, "Points": 0.4, "Pred_points": 4.516287419403552, "full_name": "DuJuan Harris"}
{"Diff": 4.1292285666809665, "Points": 0.5, "Pred_points": 4.6292285666809665, "full_name": "James Starks"}
{"Diff": 4.479374964336962, "Points": 22.8, "Pred_points": 18.32062503566304, "full_name": "Matt Forte"}
{"Diff": 4.504992565869383, "Points": 6.5, "Pred_points": 11.004992565869383, "full_name": "Darren McFadden"}
{"Diff": 4.582563612540122, "Points": 3.3, "Pred_points": 7.882563612540122, "full_name": "Tre Mason"}
{"Diff": 4.627482489458724, "Points": 0.5, "Pred_points": 5.127482489458724, "full_name": "Silas Redd"}
{"Diff": 4.715273398929905, "Points": 0.0, "Pred_points": 4.715273398929905, "full_name": "Dri Archer"}
{"Diff": 4.8537164700562, "Points": 0.7, "Pred_points": 5.5537164700562, "full_name": "Jonathan Grimes"}
{"Diff": 4.899215908064896, "Points": 0.0, "Pred_points": 4.899215908064896, "full_name": "Jerome Felton"}
{"Diff": 5.220867213969616, "Points": 0.0, "Pred_points": 5.220867213969616, "full_name": "Brandon Bolden"}
{"Diff": 5.2387625256947645, "Points": 2.7, "Pred_points": 7.938762525694765, "full_name": "Matt Asiata"}
{"Diff": 5.544168352882902, "Points": 4.5, "Pred_points": 10.044168352882902, "full_name": "Shane Vereen"}
{"Diff": 5.553519988085631, "Points": 0.0, "Pred_points": 5.553519988085631, "full_name": "Jay Prosch"}
{"Diff": 5.68411093752045, "Points": 6.2, "Pred_points": 0.5158890624795498, "full_name": "Frank Summers"}
{"Diff": 6.257087506657287, "Points": 3.0, "Pred_points": -3.2570875066572866, "full_name": "Jacquizz Rodgers"}
{"Diff": 6.296337970109704, "Points": 6.6, "Pred_points": 0.30366202989029545, "full_name": "Bobby Rainey"}
{"Diff": 6.313634702058662, "Points": 9.9, "Pred_points": 16.213634702058663, "full_name": "Lamar Miller"}
{"Diff": 6.40826627850571, "Points": 0.5, "Pred_points": 6.90826627850571, "full_name": "Jed Collins"}
{"Diff": 6.435604087555575, "Points": 5.3, "Pred_points": -1.1356040875555753, "full_name": "Jeremy Hill"}
{"Diff": 6.443255617618355, "Points": 6.1, "Pred_points": 12.543255617618355,