{"Diff": 0.019290277366952158, "Points": 0.2, "Pred_points": 0.18070972263304785, "full_name": "Frank Summers"}
{"Diff": 0.11600936583895405, "Points": 0.4, "Pred_points": 0.5160093658389541, "full_name": "Brandon Bolden"}
{"Diff": 0.24717444446878134, "Points": -1.5, "Pred_points": -1.2528255555312187, "full_name": "Dexter McCluster"}
{"Diff": 0.29451434448530556, "Points": 5.0, "Pred_points": 5.294514344485306, "full_name": "Daniel Thomas"}
{"Diff": 0.30871912831671455, "Points": 2.6, "Pred_points": 2.2912808716832855, "full_name": "Jordan Todman"}
{"Diff": 0.3356111664878476, "Points": 3.7, "Pred_points": 4.035611166487848, "full_name": "Dan Herron"}
{"Diff": 0.46307794459955476, "Points": 2.9, "Pred_points": 2.436922055400445, "full_name": "Mark Ingram"}
{"Diff": 0.5307148568951536, "Points": 5.1, "Pred_points": 5.630714856895153, "full_name": "Andre Williams"}
{"Diff": 0.7988126562185975, "Points": 19.2, "Pred_points": 19.998812656218597, "full_name": "DeMarco Murray"}
{"Diff": 0.8219605301383033, "Points": 3.1, "Pred_points": 2.278039469861697, "full_name": "Robert Turbin"}
{"Diff": 0.853271956736207, "Points": 0.0, "Pred_points": -0.853271956736207, "full_name": "Latavius Murray"}
{"Diff": 0.9882615278282989, "Points": 3.0, "Pred_points": 2.011738472171701, "full_name": "LeGarrette Blount"}
{"Diff": 1.1871518726572283, "Points": 8.1, "Pred_points": 6.912848127342771, "full_name": "Bernard Pierce"}
{"Diff": 1.2105012109821662, "Points": 0.0, "Pred_points": -1.2105012109821662, "full_name": "Chase Reynolds"}
{"Diff": 1.2127926986352895, "Points": 6.7, "Pred_points": 7.91279269863529, "full_name": "Jonathan Stewart"}
{"Diff": 1.3968738592709378, "Points": 0.6, "Pred_points": -0.7968738592709378, "full_name": "Maurice Jones-Drew"}
{"Diff": 1.3992687725358515, "Points": 0.0, "Pred_points": -1.3992687725358515, "full_name": "Patrick DiMarco"}
{"Diff": 1.4372829704351322, "Points": 1.2, "Pred_points": 2.637282970435132, "full_name": "Chris Ogbonnaya"}
{"Diff": 1.553704923117241, "Points": 0.7, "Pred_points": -0.853704923117241, "full_name": "Jamize Olawale"}
{"Diff": 1.5547881236693692, "Points": 7.8, "Pred_points": 9.354788123669369, "full_name": "Branden Oliver"}
{"Diff": 1.722745430194557, "Points": 16.0, "Pred_points": 14.277254569805443, "full_name": "Andre Ellington"}
{"Diff": 1.730188883450536, "Points": 0.2, "Pred_points": -1.530188883450536, "full_name": "Bruce Miller"}
{"Diff": 1.7761425592643763, "Points": 0.5, "Pred_points": 2.2761425592643763, "full_name": "Christine Michael"}
{"Diff": 1.8261807975821611, "Points": 3.3, "Pred_points": 5.126180797582161, "full_name": "Peyton Hillis"}
{"Diff": 1.8415616048166115, "Points": 9.5, "Pred_points": 7.6584383951833885, "full_name": "Justin Forsett"}
{"Diff": 1.89290515755394, "Points": 3.9, "Pred_points": 2.00709484244606, "full_name": "Dri Archer"}
{"Diff": 1.9869560968476283, "Points": 0.6, "Pred_points": -1.3869560968476282, "full_name": "Ronnie Brown"}
{"Diff": 2.0070619781395282, "Points": 0.0, "Pred_points": 2.0070619781395282, "full_name": "Will Johnson"}
{"Diff": 2.12426311693003, "Points": 1.9, "Pred_points": -0.22426311693003043, "full_name": "Bilal Powell"}
{"Diff": 2.1377946813215427, "Points": 5.9, "Pred_points": 8.037794681321543, "full_name": "C.J. Spiller"}
{"Diff": 2.2009179172788507, "Points": 0.0, "Pred_points": -2.2009179172788507, "full_name": "Ka'Deem Carey"}
{"Diff": 2.2909079913286883, "Points": 0.0, "Pred_points": 2.2909079913286883, "full_name": "Will Ta'ufo'ou"}
{"Diff": 2.29898368083527, "Points": 0.9, "Pred_points": -1.39898368083527, "full_name": "Antone Smith"}
{"Diff": 2.3882142129161177, "Points": 0.0, "Pred_points": 2.3882142129161177, "full_name": "Jonathan Grimes"}
{"Diff": 2.399583311068606, "Points": 2.1, "Pred_points": 4.499583311068606, "full_name": "Joseph Randle"}
{"Diff": 2.599197299650056, "Points": 1.2, "Pred_points": -1.3991972996500561, "full_name": "Jacquizz Rodgers"}
{"Diff": 2.6056388878340933, "Points": 14.3, "Pred_points": 16.905638887834094, "full_name": "Lamar Miller"}
{"Diff": 2.619807063948605, "Points": 0.9, "Pred_points": -1.719807063948605, "full_name": "C.J. Anderson"}
{"Diff": 2.837355360243418, "Points": 13.3, "Pred_points": 16.13735536024342, "full_name": "Eddie Lacy"}
{"Diff": 2.852839478465987, "Points": 1.6, "Pred_points": -1.2528394784659873, "full_name": "Jackie Battle"}
{"Diff": 2.8994925198834927, "Points": 1.6, "Pred_points": 4.499492519883493, "full_name": "Lance Dunbar"}
{"Diff": 2.9444938082618517, "Points": 2.0, "Pred_points": 4.944493808261852, "full_name": "Frank Gore"}
{"Diff": 2.9705839248865056, "Points": 2.5, "Pred_points": -0.4705839248865058, "full_name": "Steven Jackson"}
{"Diff": 3.019010159035467, "Points": 2.3, "Pred_points": 5.319010159035467, "full_name": "Isaiah Crowell"}
{"Diff": 3.153498096222092, "Points": 2.4, "Pred_points": 5.553498096222092, "full_name": "Darrel Young"}
{"Diff": 3.4677305304878177, "Points": 0.8, "Pred_points": 4.2677305304878175, "full_name": "DuJuan Harris"}
{"Diff": 3.5564590434038483, "Points": 0.6, "Pred_points": -2.9564590434038482, "full_name": "Khiry Robinson"}
{"Diff": 3.562964239574038, "Points": 2.0, "Pred_points": 5.562964239574038, "full_name": "Roy Helu"}
{"Diff": 3.573881001717089, "Points": 8.7, "Pred_points": 5.1261189982829105, "full_name": "Michael Cox"}
{"Diff": 3.7026533158300303, "Points": 16.7, "Pred_points": 12.997346684169969, "full_name": "Jamaal Charles"}
{"Diff": 3.7184615105804966, "Points": 3.7, "Pred_points": -0.018461510580496315, "full_name": "Matt Asiata"}
{"Diff": 3.731913951989931, "Points": 15.5, "Pred_points": 19.23191395198993, "full_name": "Arian Foster"}
{"Diff": 3.823124810230362, "Points": 2.3, "Pred_points": -1.523124810230362, "full_name": "Carlos Hyde"}
{"Diff": 3.829769744662176, "Points": 12.7, "Pred_points": 8.870230255337823, "full_name": "Joique Bell"}
{"Diff": 3.8676304777522206, "Points": 0.4, "Pred_points": 4.2676304777522205, "full_name": "John Kuhn"}
{"Diff": 3.9688810930169915, "Points": 3.4, "Pred_points": 7.3688810930169915, "full_name": "Ben Tate"}
{"Diff": 4.122875351920751, "Points": 1.1, "Pred_points": 5.2228753519207505, "full_name": "Damien Williams"}
{"Diff": 4.181857213763477, "Points": 11.8, "Pred_points": 7.618142786236524, "full_name": "Trent Richardson"}
{"Diff": 4.2152276188479, "Points": 0.5, "Pred_points": 4.7152276188479, "full_name": "Cedric Peerman"}
{"Diff": 4.393132366524638, "Points": 3.0, "Pred_points": -1.3931323665246376, "full_name": "Jerome Felton"}
{"Diff": 4.398006198459128, "Points": 8.0, "Pred_points": 3.601993801540872, "full_name": "Chris Johnson"}
{"Diff": 4.574092737433348, "Points": 0.3, "Pred_points": 4.874092737433348, "full_name": "Ray Agnew"}
{"Diff": 4.707638304626082, "Points": 3.0, "Pred_points": -1.7076383046260821, "full_name": "Juwan Thompson"}
{"Diff": 4.765354700293034, "Points": 0.8, "Pred_points": 5.5653547002930335, "full_name": "Terrance West"}
{"Diff": 4.769025779234855, "Points": 20.5, "Pred_points": 15.730974220765145, "full_name": "Le'Veon Bell"}
{"Diff": 4.830024907515495, "Points": 1.5, "Pred_points": 6.330024907515495, "full_name": "Jeremy Hill"}
{"Diff": 4.931874997818715, "Points": 3.0, "Pred_points": -1.9318749978187155, "full_name": "Pierre Thomas"}
{"Diff": 4.995637935689596, "Points": 3.2, "Pred_points": 8.195637935689597, "full_name": "Reggie Bush"}
{"Diff": 5.04345981170483, "Points": 9.2, "Pred_points": 4.156540188295169, "full_name": "Knile Davis"}
{"Diff": 5.0986488060506785, "Points": 3.7, "Pred_points": -1.3986488060506785, "full_name": "Devonta Freeman"}
{"Diff": 5.301065463048527, "Points": 7.6, "Pred_points": 2.2989345369514727, "full_name": "Storm Johnson"}
{"Diff": 5.469599007279122, "Points": 18.8, "Pred_points": 13.330400992720879, "full_name": "Ahmad Bradshaw"}
{"Diff": 5.743109806309883, "Points": 10.3, "Pred_points": 4.556890193690117, "full_name": "James Starks"}
{"Diff": 6.101026362504842, "Points": 8.5, "Pred_points": 2.398973637495158,