{"Diff": 0.057382526236466, "Points": 2.7, "Pred_points": 2.642617473763534, "full_name": "Robert Turbin"}
{"Diff": 0.05949680573613758, "Points": 1.9, "Pred_points": 1.8405031942638623, "full_name": "Jeremy Hill"}
{"Diff": 0.08209616532656128, "Points": 4.7, "Pred_points": 4.617903834673439, "full_name": "Jordan Todman"}
{"Diff": 0.18066401223735534, "Points": 0.0, "Pred_points": 0.18066401223735534, "full_name": "Chase Reynolds"}
{"Diff": 0.19780027033107447, "Points": -0.2, "Pred_points": -0.0021997296689255283, "full_name": "Donald Brown"}
{"Diff": 0.2902337138848292, "Points": 11.6, "Pred_points": 11.890233713884829, "full_name": "Joique Bell"}
{"Diff": 0.4159946250910451, "Points": 0.1, "Pred_points": 0.5159946250910451, "full_name": "Marcel Reece"}
{"Diff": 0.5156983680192202, "Points": 0.0, "Pred_points": 0.5156983680192202, "full_name": "Jamize Olawale"}
{"Diff": 0.6808480799770287, "Points": 2.1, "Pred_points": 2.7808480799770288, "full_name": "Darren McFadden"}
{"Diff": 0.6881951467706764, "Points": 2.3, "Pred_points": 2.988195146770676, "full_name": "Maurice Jones-Drew"}
{"Diff": 0.6922934435420629, "Points": 8.8, "Pred_points": 8.107706556457938, "full_name": "Khiry Robinson"}
{"Diff": 0.7736050119525331, "Points": 6.0, "Pred_points": 5.226394988047467, "full_name": "Anthony Dixon"}
{"Diff": 0.7969077501882073, "Points": 0.4, "Pred_points": -0.39690775018820723, "full_name": "Bilal Powell"}
{"Diff": 0.881490048573462, "Points": 6.0, "Pred_points": 6.881490048573462, "full_name": "Bobby Rainey"}
{"Diff": 0.9422163364956492, "Points": 0.0, "Pred_points": -0.9422163364956492, "full_name": "Alfred Blue"}
{"Diff": 0.9843896934334522, "Points": 3.3, "Pred_points": 2.3156103065665476, "full_name": "Dri Archer"}
{"Diff": 0.995157052637893, "Points": 18.1, "Pred_points": 19.095157052637894, "full_name": "Mark Ingram"}
{"Diff": 1.0200096728959238, "Points": 5.7, "Pred_points": 4.679990327104076, "full_name": "Toby Gerhart"}
{"Diff": 1.0225905989787902, "Points": 7.2, "Pred_points": 6.17740940102121, "full_name": "DeAngelo Williams"}
{"Diff": 1.063141767071816, "Points": 0.7, "Pred_points": -0.363141767071816, "full_name": "Robert Hughes"}
{"Diff": 1.0875733449950609, "Points": 10.0, "Pred_points": 11.08757334499506, "full_name": "Arian Foster"}
{"Diff": 1.1324442443297151, "Points": 5.4, "Pred_points": 4.267555755670285, "full_name": "Jorvorskie Lane"}
{"Diff": 1.142469449772955, "Points": 4.1, "Pred_points": 2.9575305502270446, "full_name": "Ben Tate"}
{"Diff": 1.192611887786608, "Points": 15.3, "Pred_points": 14.107388112213393, "full_name": "C.J. Spiller"}
{"Diff": 1.303900768259135, "Points": 6.6, "Pred_points": 5.296099231740865, "full_name": "LeGarrette Blount"}
{"Diff": 1.37461258193707, "Points": 8.5, "Pred_points": 7.12538741806293, "full_name": "Ahmad Bradshaw"}
{"Diff": 1.393132643715834, "Points": 0.0, "Pred_points": -1.393132643715834, "full_name": "Shaun Draughn"}
{"Diff": 1.399272521949163, "Points": 0.0, "Pred_points": -1.399272521949163, "full_name": "Cedric Peerman"}
{"Diff": 1.4500655798161524, "Points": 0.2, "Pred_points": -1.2500655798161524, "full_name": "Jonathan Grimes"}
{"Diff": 1.4689571953012566, "Points": 1.1, "Pred_points": -0.3689571953012565, "full_name": "Danny Woodhead"}
{"Diff": 1.484427764060169, "Points": 3.3, "Pred_points": 4.784427764060169, "full_name": "Devonta Freeman"}
{"Diff": 1.5290773238832767, "Points": 9.1, "Pred_points": 10.629077323883276, "full_name": "Alfred Morris"}
{"Diff": 1.7666987999366142, "Points": 0.4, "Pred_points": -1.366698799936614, "full_name": "Ka'Deem Carey"}
{"Diff": 1.9145408817418412, "Points": 1.9, "Pred_points": -0.014540881741841413, "full_name": "Damien Williams"}
{"Diff": 2.0219741700344267, "Points": 2.7, "Pred_points": 4.721974170034427, "full_name": "C.J. Anderson"}
{"Diff": 2.1987160272849, "Points": 0.2, "Pred_points": 2.3987160272849, "full_name": "Ray Agnew"}
{"Diff": 2.290911537290983, "Points": 0.0, "Pred_points": 2.290911537290983, "full_name": "Will Johnson"}
{"Diff": 2.331590170939708, "Points": 3.7, "Pred_points": 6.031590170939708, "full_name": "Jonathan Stewart"}
{"Diff": 2.8142169600122298, "Points": 6.4, "Pred_points": 9.21421696001223, "full_name": "Reggie Bush"}
{"Diff": 3.0099312171584693, "Points": 3.9, "Pred_points": 6.909931217158469, "full_name": "Travaris Cadet"}
{"Diff": 3.122031797169729, "Points": 2.8, "Pred_points": -0.32203179716972935, "full_name": "Stevan Ridley"}
{"Diff": 3.1472293836257634, "Points": 2.5, "Pred_points": -0.6472293836257633, "full_name": "Bishop Sankey"}
{"Diff": 3.1630271564533006, "Points": 2.8, "Pred_points": -0.3630271564533007, "full_name": "Jonathan Dwyer"}
{"Diff": 3.2555116963883455, "Points": 1.7, "Pred_points": 4.955511696388346, "full_name": "Mike Tolbert"}
{"Diff": 3.3531862275065105, "Points": 11.0, "Pred_points": 7.6468137724934895, "full_name": "Giovani Bernard"}
{"Diff": 3.400869320767237, "Points": 1.2, "Pred_points": -2.2008693207672367, "full_name": "Brandon Bolden"}
{"Diff": 3.483095699823953, "Points": 2.1, "Pred_points": -1.3830956998239532, "full_name": "Senorise Perry"}
{"Diff": 3.485377432263082, "Points": 0.9, "Pred_points": -2.585377432263082, "full_name": "Andre Williams"}
{"Diff": 3.5167430498479297, "Points": 1.1, "Pred_points": 4.61674304984793, "full_name": "Denard Robinson"}
{"Diff": 3.7207770739056274, "Points": 1.5, "Pred_points": 5.220777073905627, "full_name": "Frank Summers"}
{"Diff": 3.8101553080926625, "Points": 8.9, "Pred_points": 12.710155308092663, "full_name": "Pierre Thomas"}
{"Diff": 3.823715673882385, "Points": 2.1, "Pred_points": -1.723715673882385, "full_name": "Lance Dunbar"}
{"Diff": 4.021628557539234, "Points": 4.5, "Pred_points": 8.521628557539234, "full_name": "Eddie Lacy"}
{"Diff": 4.035615228003883, "Points": 0.0, "Pred_points": 4.035615228003883, "full_name": "Kyle Juszczyk"}
{"Diff": 4.092687916306484, "Points": 6.1, "Pred_points": 2.007312083693516, "full_name": "Roy Helu"}
{"Diff": 4.099457946674512, "Points": 0.4, "Pred_points": 4.499457946674513, "full_name": "Theo Riddick"}
{"Diff": 4.192937836550037, "Points": 6.2, "Pred_points": 2.007062163449963, "full_name": "Darrel Young"}
{"Diff": 4.263478178550516, "Points": 11.8, "Pred_points": 7.536521821449485, "full_name": "Lamar Miller"}
{"Diff": 4.327576179961612, "Points": 0.0, "Pred_points": 4.327576179961612, "full_name": "Lorenzo Taliaferro"}
{"Diff": 4.443209306828171, "Points": 1.5, "Pred_points": 5.943209306828171, "full_name": "Matt Asiata"}
{"Diff": 4.568741568593657, "Points": 11.0, "Pred_points": 6.431258431406343, "full_name": "Carlos Hyde"}
{"Diff": 4.615537606351646, "Points": 0.0, "Pred_points": 4.615537606351646, "full_name": "Will Ta'ufo'ou"}
{"Diff": 4.645444342063016, "Points": -0.6, "Pred_points": 4.045444342063016, "full_name": "Bernard Pierce"}
{"Diff": 4.862452619049321, "Points": 7.5, "Pred_points": 2.637547380950679, "full_name": "Derrick Coleman"}
{"Diff": 4.8700096165878595, "Points": 5.1, "Pred_points": 0.22999038341213973, "full_name": "Benny Cunningham"}
{"Diff": 4.9702471810480136, "Points": 9.5, "Pred_points": 4.5297528189519864, "full_name": "Jacquizz Rodgers"}
{"Diff": 5.0054960653589635, "Points": 16.9, "Pred_points": 11.894503934641035, "full_name": "Matt Forte"}
{"Diff": 5.053508810363661, "Points": 0.5, "Pred_points": 5.553508810363661, "full_name": "Cyrus Gray"}
{"Diff": 5.124018836520694, "Points": 15.1, "Pred_points": 9.975981163479306, "full_name": "Chris Johnson"}
{"Diff": 5.126151721337277, "Points": 0.0, "Pred_points": 5.126151721337277, "full_name": "Bruce Miller"}
{"Diff": 5.126228743170078, "Points": 0.0, "Pred_points": 5.126228743170078, "full_name": "LaMichael James"}
{"Diff": 5.1535167426638795, "Points": 0.4, "Pred_points": 5.55351674266388, "full_name": "Anthony Sherman"}
{"Diff": 5.155291170490641, "Points": 12.0, "Pred_points": 6.844708829509359, "full_name": "Ryan Mathews"}
{"Diff": 5.384267895312227, "Points": 9.3, "Pred_points": 14.684267895312228,