{"Diff": 0.010629576240413385, "Points": 7.5, "Pred_points": 7.510629576240413, "full_name": "Andre Ellington"}
{"Diff": 0.019258082183845643, "Points": 0.2, "Pred_points": 0.18074191781615437, "full_name": "Austin Johnson"}
{"Diff": 0.0483200945627309, "Points": 2.4, "Pred_points": 2.448320094562731, "full_name": "Mike Tolbert"}
{"Diff": 0.18833800114914112, "Points": 17.1, "Pred_points": 17.288338001149143, "full_name": "DeMarco Murray"}
{"Diff": 0.3250963969490765, "Points": 0.1, "Pred_points": -0.2250963969490765, "full_name": "Latavius Murray"}
{"Diff": 0.41370197262739694, "Points": 14.3, "Pred_points": 14.713701972627398, "full_name": "Ahmad Bradshaw"}
{"Diff": 0.43014783938859713, "Points": 3.7, "Pred_points": 3.269852160611403, "full_name": "Shane Vereen"}
{"Diff": 0.493965247265038, "Points": 7.1, "Pred_points": 6.606034752734962, "full_name": "Matt Asiata"}
{"Diff": 0.5159348547200289, "Points": 0.0, "Pred_points": 0.5159348547200289, "full_name": "Senorise Perry"}
{"Diff": 0.5165227397895386, "Points": 0.0, "Pred_points": 0.5165227397895386, "full_name": "Ka'Deem Carey"}
{"Diff": 0.6253040041453125, "Points": 0.4, "Pred_points": -0.2253040041453125, "full_name": "Jamize Olawale"}
{"Diff": 0.7191759699362356, "Points": 0.9, "Pred_points": 0.1808240300637645, "full_name": "Travaris Cadet"}
{"Diff": 0.7631849961603374, "Points": 0.4, "Pred_points": -0.36318499616033745, "full_name": "Frank Summers"}
{"Diff": 0.829092526615498, "Points": 4.4, "Pred_points": 5.229092526615498, "full_name": "Bilal Powell"}
{"Diff": 0.84679836566176, "Points": 0.4, "Pred_points": -0.44679836566176, "full_name": "Brandon Bolden"}
{"Diff": 0.8996631790309206, "Points": 3.6, "Pred_points": 4.499663179030921, "full_name": "Jonathan Grimes"}
{"Diff": 0.9226166578979509, "Points": 8.0, "Pred_points": 8.92261665789795, "full_name": "C.J. Spiller"}
{"Diff": 0.9363317456281521, "Points": 11.4, "Pred_points": 10.463668254371848, "full_name": "Steven Jackson"}
{"Diff": 1.0083484338856454, "Points": -0.2, "Pred_points": -1.2083484338856454, "full_name": "C.J. Anderson"}
{"Diff": 1.037309971341732, "Points": 1.6, "Pred_points": 2.637309971341732, "full_name": "Theo Riddick"}
{"Diff": 1.1058486761131263, "Points": 17.4, "Pred_points": 18.505848676113125, "full_name": "Giovani Bernard"}
{"Diff": 1.115888986705206, "Points": 3.6, "Pred_points": 4.715888986705206, "full_name": "Jordan Todman"}
{"Diff": 1.2005474085519499, "Points": 9.9, "Pred_points": 11.10054740855195, "full_name": "Jeremy Hill"}
{"Diff": 1.2244142366641564, "Points": 0.1, "Pred_points": -1.1244142366641563, "full_name": "Danny Woodhead"}
{"Diff": 1.3106776446343833, "Points": 5.0, "Pred_points": 6.310677644634383, "full_name": "Jonathan Stewart"}
{"Diff": 1.376207638516314, "Points": 0.9, "Pred_points": 2.276207638516314, "full_name": "Joseph Randle"}
{"Diff": 1.399250976042545, "Points": 3.5, "Pred_points": 4.899250976042545, "full_name": "Patrick DiMarco"}
{"Diff": 1.3992683908576522, "Points": 0.0, "Pred_points": -1.3992683908576522, "full_name": "Ray Agnew"}
{"Diff": 1.415963088260999, "Points": 3.3, "Pred_points": 4.715963088260999, "full_name": "Denard Robinson"}
{"Diff": 1.463028586318856, "Points": 1.1, "Pred_points": -0.36302858631885576, "full_name": "Anthony Dixon"}
{"Diff": 1.4726391498609805, "Points": 6.5, "Pred_points": 7.9726391498609805, "full_name": "Bobby Rainey"}
{"Diff": 1.5024073675673335, "Points": 1.8, "Pred_points": 3.3024073675673336, "full_name": "Andre Williams"}
{"Diff": 1.5231779996708408, "Points": 8.0, "Pred_points": 6.476822000329159, "full_name": "Trent Richardson"}
{"Diff": 1.5643775465000314, "Points": 5.6, "Pred_points": 4.035622453499968, "full_name": "Leon Washington"}
{"Diff": 1.5833047036119128, "Points": 6.3, "Pred_points": 4.716695296388087, "full_name": "Toby Gerhart"}
{"Diff": 1.6105920079682328, "Points": 2.5, "Pred_points": 0.8894079920317671, "full_name": "Eddie Lacy"}
{"Diff": 1.6953774362208391, "Points": 0.9, "Pred_points": -0.7953774362208392, "full_name": "Ronnie Hillman"}
{"Diff": 1.721249386819573, "Points": 0.0, "Pred_points": -1.721249386819573, "full_name": "Jalen Parmele"}
{"Diff": 1.7498987074667642, "Points": 0.2, "Pred_points": -1.5498987074667643, "full_name": "Stepfan Taylor"}
{"Diff": 1.774693232172209, "Points": 3.4, "Pred_points": 5.174693232172209, "full_name": "Benny Cunningham"}
{"Diff": 1.8435061655624683, "Points": 6.1, "Pred_points": 7.943506165562468, "full_name": "Stevan Ridley"}
{"Diff": 1.9346895769493369, "Points": 12.1, "Pred_points": 14.034689576949336, "full_name": "Zac Stacy"}
{"Diff": 2.0079854973482383, "Points": 0.0, "Pred_points": 2.0079854973482383, "full_name": "Peyton Hillis"}
{"Diff": 2.0290908109916748, "Points": 0.5, "Pred_points": -1.5290908109916748, "full_name": "Robert Turbin"}
{"Diff": 2.1152272289420737, "Points": 2.6, "Pred_points": 4.715227228942074, "full_name": "Will Ta'ufo'ou"}
{"Diff": 2.276277123743184, "Points": 0.0, "Pred_points": 2.276277123743184, "full_name": "Lance Dunbar"}
{"Diff": 2.4357284318640313, "Points": 1.6, "Pred_points": 4.035728431864031, "full_name": "Dexter McCluster"}
{"Diff": 2.437281784012715, "Points": 0.2, "Pred_points": 2.637281784012715, "full_name": "Jed Collins"}
{"Diff": 2.700996823771509, "Points": 0.5, "Pred_points": -2.200996823771509, "full_name": "Anthony Sherman"}
{"Diff": 2.719842613473869, "Points": 0.0, "Pred_points": 2.719842613473869, "full_name": "Darrin Reaves"}
{"Diff": 2.7685929241940106, "Points": 2.4, "Pred_points": 5.1685929241940105, "full_name": "Trey Watts"}
{"Diff": 2.825279809522366, "Points": 2.6, "Pred_points": -0.22527980952236618, "full_name": "Marcel Reece"}
{"Diff": 2.8844684144931447, "Points": 7.5, "Pred_points": 4.615531585506855, "full_name": "Darrel Young"}
{"Diff": 2.890554012945202, "Points": 5.7, "Pred_points": 2.809445987054798, "full_name": "Darren Sproles"}
{"Diff": 2.9300812443426802, "Points": 1.4, "Pred_points": -1.5300812443426803, "full_name": "Derrick Coleman"}
{"Diff": 2.932391381575922, "Points": 2.4, "Pred_points": -0.5323913815759223, "full_name": "Montee Ball"}
{"Diff": 2.940617102718406, "Points": 7.0, "Pred_points": 4.059382897281594, "full_name": "Bishop Sankey"}
{"Diff": 3.453870452795835, "Points": 9.6, "Pred_points": 13.053870452795834, "full_name": "Chris Ivory"}
{"Diff": 3.5356174132643243, "Points": 0.5, "Pred_points": 4.035617413264324, "full_name": "Jackie Battle"}
{"Diff": 3.5864519170474374, "Points": 2.2, "Pred_points": -1.386451917047437, "full_name": "Damien Williams"}
{"Diff": 3.7198448480761455, "Points": 0.8, "Pred_points": 4.519844848076145, "full_name": "Jerick McKinnon"}
{"Diff": 3.799418045057889, "Points": 0.7, "Pred_points": 4.499418045057889, "full_name": "Ronnie Brown"}
{"Diff": 4.000967754809024, "Points": 0.9, "Pred_points": 4.900967754809025, "full_name": "Jacquizz Rodgers"}
{"Diff": 4.053501941050408, "Points": 1.5, "Pred_points": 5.553501941050408, "full_name": "Cedric Peerman"}
{"Diff": 4.087226216166254, "Points": 6.5, "Pred_points": 2.412773783833746, "full_name": "Justin Forsett"}
{"Diff": 4.100545247442124, "Points": 9.0, "Pred_points": 4.899454752557876, "full_name": "Antone Smith"}
{"Diff": 4.210864378764058, "Points": 3.3, "Pred_points": 7.510864378764058, "full_name": "Joique Bell"}
{"Diff": 4.267502065626193, "Points": 0.0, "Pred_points": 4.267502065626193, "full_name": "Will Johnson"}
{"Diff": 4.2692107982739325, "Points": 8.8, "Pred_points": 4.530789201726068, "full_name": "Alfred Blue"}
{"Diff": 4.388239869566563, "Points": 1.1, "Pred_points": 5.488239869566564, "full_name": "Branden Oliver"}
{"Diff": 4.506180692012443, "Points": 0.0, "Pred_points": 4.506180692012443, "full_name": "Jay Prosch"}
{"Diff": 4.774081173712098, "Points": 0.1, "Pred_points": 4.8740811737120975, "full_name": "Dan Herron"}
{"Diff": 4.98108738925573, "Points": 3.6, "Pred_points": -1.3810873892557298, "full_name": "Daniel Thomas"}
{"Diff": 4.999520651350849, "Points": -0.1, "Pred_points": 4.89952065135085,