{"Diff": 0.06309795335628854, "Points": -0.3, "Pred_points": -0.3630979533562885, "full_name": "Marcel Reece"}
{"Diff": 0.08773462302508328, "Points": 2.3, "Pred_points": 2.387734623025083, "full_name": "Dexter McCluster"}
{"Diff": 0.21230237455338896, "Points": 2.6, "Pred_points": 2.387697625446611, "full_name": "Jackie Battle"}
{"Diff": 0.415657229283938, "Points": 4.2, "Pred_points": 4.615657229283938, "full_name": "DuJuan Harris"}
{"Diff": 0.46574997233696713, "Points": 6.7, "Pred_points": 7.165749972336967, "full_name": "Rashad Jennings"}
{"Diff": 0.7057963455500349, "Points": 0.4, "Pred_points": -0.30579634555003493, "full_name": "Donald Brown"}
{"Diff": 0.7471584781720082, "Points": -2.0, "Pred_points": -1.2528415218279918, "full_name": "Marcus Thigpen"}
{"Diff": 0.7497152362617985, "Points": 2.1, "Pred_points": 1.3502847637382016, "full_name": "Trent Richardson"}
{"Diff": 0.7887240499818846, "Points": 5.0, "Pred_points": 5.788724049981885, "full_name": "Darren Sproles"}
{"Diff": 0.8161500397640937, "Points": 3.7, "Pred_points": 4.516150039764094, "full_name": "Rex Burkhead"}
{"Diff": 0.9477471166353777, "Points": 0.6, "Pred_points": -0.3477471166353778, "full_name": "Maurice Jones-Drew"}
{"Diff": 1.001320039656159, "Points": 12.5, "Pred_points": 11.498679960343841, "full_name": "Marshawn Lynch"}
{"Diff": 1.0728034537513764, "Points": 7.5, "Pred_points": 8.572803453751376, "full_name": "Ryan Mathews"}
{"Diff": 1.0741131001571045, "Points": 5.6, "Pred_points": 4.525886899842895, "full_name": "Carlos Hyde"}
{"Diff": 1.1537126971977627, "Points": 0.3, "Pred_points": -0.8537126971977628, "full_name": "Jed Collins"}
{"Diff": 1.175590547095564, "Points": 7.7, "Pred_points": 8.875590547095564, "full_name": "Shane Vereen"}
{"Diff": 1.186934675631979, "Points": -0.2, "Pred_points": -1.386934675631979, "full_name": "Christine Michael"}
{"Diff": 1.2082712330869372, "Points": 5.7, "Pred_points": 6.908271233086937, "full_name": "Fozzy Whittaker"}
{"Diff": 1.3148327281778338, "Points": 1.2, "Pred_points": 2.5148327281778338, "full_name": "Terrance West"}
{"Diff": 1.324785636549887, "Points": 17.5, "Pred_points": 18.824785636549887, "full_name": "Matt Forte"}
{"Diff": 1.3869556857701804, "Points": 0.0, "Pred_points": -1.3869556857701804, "full_name": "Will Tukuafu"}
{"Diff": 1.4745979924123311, "Points": 2.8, "Pred_points": 4.274597992412331, "full_name": "Devonta Freeman"}
{"Diff": 1.5193663901192154, "Points": 1.7, "Pred_points": 0.18063360988078447, "full_name": "Senorise Perry"}
{"Diff": 1.5301399427810318, "Points": 0.0, "Pred_points": -1.5301399427810318, "full_name": "Trey Watts"}
{"Diff": 1.618154084005353, "Points": 0.4, "Pred_points": -1.2181540840053529, "full_name": "Bobby Rainey"}
{"Diff": 1.7880247827848783, "Points": 0.6, "Pred_points": 2.3880247827848784, "full_name": "Shonn Greene"}
{"Diff": 1.794124447681134, "Points": 0.5, "Pred_points": 2.294124447681134, "full_name": "Juwan Thompson"}
{"Diff": 1.8323519104183466, "Points": 0.6, "Pred_points": -1.2323519104183467, "full_name": "Andre Williams"}
{"Diff": 2.0070752832839402, "Points": 0.0, "Pred_points": 2.0070752832839402, "full_name": "Ray Agnew"}
{"Diff": 2.017532062677254, "Points": 2.6, "Pred_points": 4.617532062677254, "full_name": "James Starks"}
{"Diff": 2.123846335429959, "Points": 0.4, "Pred_points": -1.7238463354299587, "full_name": "Henry Hynoski"}
{"Diff": 2.152840605511066, "Points": 0.9, "Pred_points": -1.2528406055110661, "full_name": "Jorvorskie Lane"}
{"Diff": 2.3417348709054586, "Points": 13.2, "Pred_points": 15.541734870905458, "full_name": "Alfred Morris"}
{"Diff": 2.3997862729590036, "Points": 2.5, "Pred_points": 4.899786272959004, "full_name": "Silas Redd"}
{"Diff": 2.416121090062371, "Points": 2.1, "Pred_points": 4.516121090062371, "full_name": "Cedric Peerman"}
{"Diff": 2.4862282191790834, "Points": 1.1, "Pred_points": -1.3862282191790836, "full_name": "Robert Turbin"}
{"Diff": 2.5104940652411205, "Points": 1.3, "Pred_points": -1.2104940652411207, "full_name": "Anthony Sherman"}
{"Diff": 2.5356694910825404, "Points": 1.5, "Pred_points": 4.03566949108254, "full_name": "Brian Leonard"}
{"Diff": 2.6476157641913147, "Points": 10.6, "Pred_points": 13.247615764191314, "full_name": "LeSean McCoy"}
{"Diff": 2.693578754573813, "Points": 6.6, "Pred_points": 3.906421245426187, "full_name": "Andre Ellington"}
{"Diff": 2.867517320051834, "Points": 1.4, "Pred_points": 4.267517320051834, "full_name": "Patrick DiMarco"}
{"Diff": 2.8994263817882646, "Points": 1.6, "Pred_points": 4.499426381788265, "full_name": "Bruce Miller"}
{"Diff": 2.937992323821677, "Points": 1.1, "Pred_points": 4.037992323821677, "full_name": "Travaris Cadet"}
{"Diff": 2.980498866512695, "Points": 0.0, "Pred_points": 2.980498866512695, "full_name": "Montee Ball"}
{"Diff": 2.9969730958731793, "Points": 5.8, "Pred_points": 8.796973095873179, "full_name": "Jerick McKinnon"}
{"Diff": 3.068491885018985, "Points": 1.2, "Pred_points": 4.268491885018985, "full_name": "Jacquizz Rodgers"}
{"Diff": 3.108950892816324, "Points": 5.4, "Pred_points": 2.2910491071836763, "full_name": "Jonathan Grimes"}
{"Diff": 3.126381512479555, "Points": 3.8, "Pred_points": 6.926381512479555, "full_name": "DeAngelo Williams"}
{"Diff": 3.2788003758890607, "Points": -0.9, "Pred_points": 2.378800375889061, "full_name": "Ben Tate"}
{"Diff": 3.2889108424690576, "Points": 9.8, "Pred_points": 6.511089157530943, "full_name": "Lamar Miller"}
{"Diff": 3.453462738838568, "Points": 2.6, "Pred_points": -0.853462738838568, "full_name": "Theo Riddick"}
{"Diff": 3.5356042790221913, "Points": 0.5, "Pred_points": 4.035604279022191, "full_name": "Erik Lorig"}
{"Diff": 3.5788186636021857, "Points": 2.3, "Pred_points": -1.2788186636021859, "full_name": "Daniel Thomas"}
{"Diff": 3.764582814337414, "Points": 1.0, "Pred_points": -2.764582814337414, "full_name": "Stepfan Taylor"}
{"Diff": 3.852445833520511, "Points": 3.9, "Pred_points": 7.752445833520511, "full_name": "Jonathan Stewart"}
{"Diff": 3.968019623574616, "Points": 0.3, "Pred_points": 4.268019623574616, "full_name": "Antone Smith"}
{"Diff": 3.985871421824614, "Points": 9.4, "Pred_points": 13.385871421824614, "full_name": "Frank Gore"}
{"Diff": 4.1961633630593465, "Points": 11.4, "Pred_points": 7.203836636940654, "full_name": "Tre Mason"}
{"Diff": 4.315575216476179, "Points": 0.3, "Pred_points": 4.615575216476179, "full_name": "John Kuhn"}
{"Diff": 4.499214564498446, "Points": 0.4, "Pred_points": 4.899214564498446, "full_name": "Darrel Young"}
{"Diff": 4.659965952790049, "Points": 16.5, "Pred_points": 11.84003404720995, "full_name": "Jeremy Hill"}
{"Diff": 4.71527417495238, "Points": 0.0, "Pred_points": 4.71527417495238, "full_name": "James Develin"}
{"Diff": 4.79743278620254, "Points": 9.7, "Pred_points": 4.902567213797459, "full_name": "Roy Helu"}
{"Diff": 4.89415423961178, "Points": 2.1, "Pred_points": 6.994154239611779, "full_name": "Darren McFadden"}
{"Diff": 4.920678998587746, "Points": 0.3, "Pred_points": 5.220678998587746, "full_name": "Jerome Felton"}
{"Diff": 5.06975826835409, "Points": 7.1, "Pred_points": 2.0302417316459094, "full_name": "Isaiah Crowell"}
{"Diff": 5.1200556176593155, "Points": 3.8, "Pred_points": -1.320055617659316, "full_name": "Damien Williams"}
{"Diff": 5.220687133313975, "Points": 0.0, "Pred_points": 5.220687133313975, "full_name": "Joe Banyard"}
{"Diff": 5.525306127022834, "Points": 5.3, "Pred_points": -0.22530612702283395, "full_name": "Dan Herron"}
{"Diff": 5.553500928636409, "Points": 0.0, "Pred_points": 5.553500928636409, "full_name": "Will Johnson"}
{"Diff": 5.651980028684814, "Points": 4.4, "Pred_points": -1.251980028684813, "full_name": "Charles Sims"}
{"Diff": 6.053540748774269, "Points": -0.5, "Pred_points": 5.553540748774269, "full_name": "Dri Archer"}
{"Diff": 6.262547785745449, "Points": 8.9, "Pred_points": 2.637452214254551, "full_name": "Chris Polk"}
{"Diff": 6.307263074241565, "Points": 3.9, "Pred_points": 10.207263074241565,