{"Diff": 0.07790455225199366, "Points": 8.4, "Pred_points": 8.477904552251994, "full_name": "Jamaal Charles"}
{"Diff": 0.10907111375732903, "Points": 2.4, "Pred_points": 2.290928886242671, "full_name": "Dexter McCluster"}
{"Diff": 0.13851791687515203, "Points": 5.1, "Pred_points": 5.238517916875152, "full_name": "Darrin Reaves"}
{"Diff": 0.2613862990275031, "Points": 17.2, "Pred_points": 16.938613700972496, "full_name": "DeMarco Murray"}
{"Diff": 0.2666026090358482, "Points": 8.9, "Pred_points": 8.633397390964152, "full_name": "Darren Sproles"}
{"Diff": 0.27409611704945913, "Points": 4.6, "Pred_points": 4.874096117049459, "full_name": "Dri Archer"}
{"Diff": 0.2751852803449806, "Points": 4.6, "Pred_points": 4.87518528034498, "full_name": "LeGarrette Blount"}
{"Diff": 0.3515567639082322, "Points": 2.7, "Pred_points": 2.348443236091768, "full_name": "Bishop Sankey"}
{"Diff": 0.5088368989382448, "Points": 2.9, "Pred_points": 2.391163101061755, "full_name": "Toby Gerhart"}
{"Diff": 0.7192942567955378, "Points": 0.9, "Pred_points": 0.18070574320446217, "full_name": "John Kuhn"}
{"Diff": 0.7236273954691397, "Points": 2.7, "Pred_points": 3.42362739546914, "full_name": "Storm Johnson"}
{"Diff": 0.9610885537655912, "Points": 0.6, "Pred_points": -0.36108855376559124, "full_name": "Bilal Powell"}
{"Diff": 1.1876834250363804, "Points": 1.2, "Pred_points": 2.3876834250363803, "full_name": "Will Ta'ufo'ou"}
{"Diff": 1.2087063840008208, "Points": 0.0, "Pred_points": -1.2087063840008208, "full_name": "Silas Redd"}
{"Diff": 1.2105029260762656, "Points": 0.0, "Pred_points": -1.2105029260762656, "full_name": "Darrel Young"}
{"Diff": 1.308088610892455, "Points": 3.6, "Pred_points": 2.291911389107545, "full_name": "Shonn Greene"}
{"Diff": 1.384313881909883, "Points": 1.9, "Pred_points": 0.5156861180901168, "full_name": "Shaun Draughn"}
{"Diff": 1.3992731623062236, "Points": 0.0, "Pred_points": -1.3992731623062236, "full_name": "Dan Herron"}
{"Diff": 1.404292627567096, "Points": 3.0, "Pred_points": 1.595707372432904, "full_name": "Donald Brown"}
{"Diff": 1.499189683604857, "Points": 1.8, "Pred_points": 0.3008103163951429, "full_name": "Montee Ball"}
{"Diff": 1.5090899912248106, "Points": 3.8, "Pred_points": 2.2909100087751892, "full_name": "Leon Washington"}
{"Diff": 1.5301885114379161, "Points": 0.0, "Pred_points": -1.5301885114379161, "full_name": "Robert Hughes"}
{"Diff": 1.5372913904815197, "Points": 1.1, "Pred_points": 2.63729139048152, "full_name": "Joe Banyard"}
{"Diff": 1.6072159813385198, "Points": 0.4, "Pred_points": 2.0072159813385198, "full_name": "Joseph Randle"}
{"Diff": 1.621041642904892, "Points": 20.6, "Pred_points": 22.221041642904893, "full_name": "Matt Forte"}
{"Diff": 1.6520382941257656, "Points": 2.7, "Pred_points": 4.352038294125766, "full_name": "Alfred Morris"}
{"Diff": 1.723829972513528, "Points": 0.0, "Pred_points": -1.723829972513528, "full_name": "Cyrus Gray"}
{"Diff": 1.7276821734227754, "Points": 3.0, "Pred_points": 4.727682173422775, "full_name": "Bernard Pierce"}
{"Diff": 1.8088622622083799, "Points": 4.6, "Pred_points": 2.7911377377916198, "full_name": "Jerick McKinnon"}
{"Diff": 1.8913861815514084, "Points": 0.5, "Pred_points": 2.3913861815514084, "full_name": "Denard Robinson"}
{"Diff": 1.9372686151728207, "Points": 7.4, "Pred_points": 5.46273138482718, "full_name": "Doug Martin"}
{"Diff": 2.00041592451326, "Points": 2.5, "Pred_points": 4.50041592451326, "full_name": "Jacquizz Rodgers"}
{"Diff": 2.007059300557321, "Points": 0.0, "Pred_points": 2.007059300557321, "full_name": "Tyler Clutts"}
{"Diff": 2.0071396284155614, "Points": 0.0, "Pred_points": 2.0071396284155614, "full_name": "Lance Dunbar"}
{"Diff": 2.0434008025933537, "Points": 6.5, "Pred_points": 4.456599197406646, "full_name": "Ahmad Bradshaw"}
{"Diff": 2.0642438200379187, "Points": 0.6, "Pred_points": -1.4642438200379189, "full_name": "Stepfan Taylor"}
{"Diff": 2.3869539267886344, "Points": 1.0, "Pred_points": -1.3869539267886346, "full_name": "Bruce Miller"}
{"Diff": 2.4356310049952987, "Points": 1.6, "Pred_points": 4.035631004995299, "full_name": "James Develin"}
{"Diff": 2.664014728261213, "Points": 5.2, "Pred_points": 7.864014728261213, "full_name": "Matt Asiata"}
{"Diff": 2.7036924901955306, "Points": 10.8, "Pred_points": 8.09630750980447, "full_name": "Shane Vereen"}
{"Diff": 2.815831980102721, "Points": 1.8, "Pred_points": 4.615831980102721, "full_name": "Trey Watts"}
{"Diff": 2.923843687316142, "Points": 1.2, "Pred_points": -1.723843687316142, "full_name": "Anthony Sherman"}
{"Diff": 2.9501944005695453, "Points": 1.8, "Pred_points": 4.750194400569545, "full_name": "Lorenzo Taliaferro"}
{"Diff": 3.150973764376271, "Points": 1.9, "Pred_points": -1.250973764376271, "full_name": "Robert Turbin"}
{"Diff": 3.179287994196553, "Points": 8.4, "Pred_points": 5.220712005803447, "full_name": "Chris Ogbonnaya"}
{"Diff": 3.357298958959406, "Points": 0.1, "Pred_points": -3.257298958959406, "full_name": "Frank Summers"}
{"Diff": 3.4739345191915145, "Points": 13.4, "Pred_points": 9.926065480808486, "full_name": "Steven Jackson"}
{"Diff": 3.562232868237114, "Points": 4.4, "Pred_points": 7.962232868237114, "full_name": "Chris Ivory"}
{"Diff": 3.621354054207828, "Points": 1.6, "Pred_points": 5.221354054207828, "full_name": "Alfred Blue"}
{"Diff": 3.6740738268066018, "Points": 1.2, "Pred_points": 4.874073826806602, "full_name": "Will Johnson"}
{"Diff": 3.6996294377308665, "Points": 8.2, "Pred_points": 4.500370562269133, "full_name": "Devonta Freeman"}
{"Diff": 3.735787366127701, "Points": 0.3, "Pred_points": 4.035787366127701, "full_name": "Brandon Bolden"}
{"Diff": 3.828078731554411, "Points": 3.2, "Pred_points": -0.6280787315544107, "full_name": "C.J. Spiller"}
{"Diff": 3.8716373438093905, "Points": 6.9, "Pred_points": 3.02836265619061, "full_name": "Jeremy Hill"}
{"Diff": 4.068358011738623, "Points": 0.2, "Pred_points": 4.2683580117386235, "full_name": "Ka'Deem Carey"}
{"Diff": 4.121057341758088, "Points": 4.8, "Pred_points": 0.6789426582419117, "full_name": "James Starks"}
{"Diff": 4.267558152696168, "Points": 0.0, "Pred_points": 4.267558152696168, "full_name": "Senorise Perry"}
{"Diff": 4.320082344567302, "Points": 4.3, "Pred_points": -0.020082344567301885, "full_name": "Reggie Bush"}
{"Diff": 4.353522857357036, "Points": 1.2, "Pred_points": 5.553522857357036, "full_name": "Ray Agnew"}
{"Diff": 4.615537675041537, "Points": 0.0, "Pred_points": 4.615537675041537, "full_name": "Chase Reynolds"}
{"Diff": 4.69928845706602, "Points": 0.2, "Pred_points": 4.89928845706602, "full_name": "Austin Johnson"}
{"Diff": 4.71523946958286, "Points": 0.0, "Pred_points": 4.71523946958286, "full_name": "Kyle Juszczyk"}
{"Diff": 5.022605448505074, "Points": 7.2, "Pred_points": 12.222605448505075, "full_name": "Giovani Bernard"}
{"Diff": 5.1154386230110225, "Points": 4.7, "Pred_points": -0.4154386230110223, "full_name": "Trent Richardson"}
{"Diff": 5.207331977867559, "Points": 1.9, "Pred_points": 7.10733197786756, "full_name": "Isaiah Crowell"}
{"Diff": 5.411977635836231, "Points": 7.8, "Pred_points": 2.388022364163769, "full_name": "Jordan Todman"}
{"Diff": 5.553124252827647, "Points": 10.2, "Pred_points": 4.646875747172352, "full_name": "Bobby Rainey"}
{"Diff": 5.5758239831091, "Points": 17.3, "Pred_points": 11.724176016890901, "full_name": "Stevan Ridley"}
{"Diff": 5.682142142158652, "Points": 4.3, "Pred_points": -1.382142142158652, "full_name": "Carlos Hyde"}
{"Diff": 5.870303780128069, "Points": 10.8, "Pred_points": 4.929696219871932, "full_name": "Frank Gore"}
{"Diff": 5.887422778807, "Points": 17.7, "Pred_points": 11.812577221193, "full_name": "Marshawn Lynch"}
{"Diff": 5.9228078720747614, "Points": 6.6, "Pred_points": 12.522807872074761, "full_name": "LeSean McCoy"}
{"Diff": 6.09477822228415, "Points": 14.3, "Pred_points": 8.20522177771585, "full_name": "Andre Williams"}
{"Diff": 6.118647685433784, "Points": 4.8, "Pred_points": -1.3186476854337836,