{"Diff": 0.0399724111731512, "Points": 7.0, "Pred_points": 7.039972411173151, "full_name": "Alex Henery"}
{"Diff": 0.06066013235021295, "Points": 5.0, "Pred_points": 5.060660132350213, "full_name": "Dan Carpenter"}
{"Diff": 0.31281433238180023, "Points": 2.0, "Pred_points": 2.3128143323818002, "full_name": "Josh Scobee"}
{"Diff": 0.5718094418617242, "Points": 0.0, "Pred_points": 0.5718094418617242, "full_name": "Jordan Gay"}
{"Diff": 0.6532391389130936, "Points": 8.0, "Pred_points": 8.653239138913094, "full_name": "Caleb Sturgis"}
{"Diff": 0.6650827398926031, "Points": 7.0, "Pred_points": 7.665082739892603, "full_name": "Justin Tucker"}
{"Diff": 0.6708866867900705, "Points": 4.0, "Pred_points": 3.3291133132099295, "full_name": "Matt Bryant"}
{"Diff": 1.39210186036318, "Points": 5.0, "Pred_points": 3.60789813963682, "full_name": "Robbie Gould"}
{"Diff": 1.673398837080415, "Points": 2.0, "Pred_points": 0.3266011629195852, "full_name": "Sebastian Janikowski"}
{"Diff": 2.0973381452712303, "Points": 5.0, "Pred_points": 7.09733814527123, "full_name": "Ryan Succop"}
{"Diff": 2.2297116513592403, "Points": 9.0, "Pred_points": 11.22971165135924, "full_name": "Mason Crosby"}
{"Diff": 2.508122032214019, "Points": 4.0, "Pred_points": 1.491877967785981, "full_name": "Graham Gano"}
{"Diff": 2.532998923262827, "Points": 4.0, "Pred_points": 6.532998923262827, "full_name": "Shayne Graham"}
{"Diff": 2.6679735292636506, "Points": 10.0, "Pred_points": 7.332026470736349, "full_name": "Dan Bailey"}
{"Diff": 2.8851519739129294, "Points": 5.0, "Pred_points": 7.885151973912929, "full_name": "Shaun Suisham"}
{"Diff": 3.4528140224637314, "Points": 11.0, "Pred_points": 7.547185977536269, "full_name": "Adam Vinatieri"}
{"Diff": 3.5616706164753538, "Points": 9.0, "Pred_points": 5.438329383524646, "full_name": "Josh Brown"}
{"Diff": 3.7732264190509763, "Points": 2.0, "Pred_points": 5.773226419050976, "full_name": "Stephen Gostkowski"}
{"Diff": 4.559755393358939, "Points": 0.0, "Pred_points": 4.559755393358939, "full_name": "Cody Parkey"}
{"Diff": 4.598219971588604, "Points": 2.0, "Pred_points": 6.598219971588604, "full_name": "Kai Forbath"}
{"Diff": 5.3918039418169705, "Points": 10.0, "Pred_points": 4.6081960581830295, "full_name": "Cairo Santos"}
{"Diff": 5.500640555987262, "Points": 5.0, "Pred_points": -0.5006405559872626, "full_name": "Nick Folk"}
{"Diff": 6.30687082910969, "Points": 11.0, "Pred_points": 4.69312917089031, "full_name": "Patrick Murray"}
{"Diff": 7.145709429530754, "Points": 15.0, "Pred_points": 7.854290570469246, "full_name": "Nick Novak"}
{"Diff": 9.394857183403245, "Points": 17.0, "Pred_points": 7.605142816596755, "full_name": "Phil Dawson"}
{"Diff": 10.539518452601367, "Points": 17.0, "Pred_points": 6.460481547398634, "full_name": "Blair Walsh"}
{"Diff": 10.83716101852836, "Points": 15.0, "Pred_points": 4.162838981471641, "full_name": "Randy Bullock"}
