{"Diff": 0.011204667437319848, "Points": 8.0, "Pred_points": 7.98879533256268, "full_name": "Caleb Sturgis"}
{"Diff": 0.04619856059029459, "Points": 3.0, "Pred_points": 2.9538014394097054, "full_name": "Nick Novak"}
{"Diff": 0.19414715795406057, "Points": 4.0, "Pred_points": 4.194147157954061, "full_name": "Ryan Succop"}
{"Diff": 0.7333284070350103, "Points": 7.0, "Pred_points": 7.73332840703501, "full_name": "Blair Walsh"}
{"Diff": 1.0423681101807754, "Points": 5.0, "Pred_points": 6.042368110180775, "full_name": "Dan Bailey"}
{"Diff": 1.3608982719946976, "Points": 4.0, "Pred_points": 2.6391017280053024, "full_name": "Brandon McManus"}
{"Diff": 1.3656235390500253, "Points": 9.0, "Pred_points": 7.634376460949975, "full_name": "Steven Hauschka"}
{"Diff": 1.7300696938539195, "Points": 6.0, "Pred_points": 7.7300696938539195, "full_name": "Shaun Suisham"}
{"Diff": 1.8222613966455414, "Points": 6.0, "Pred_points": 7.822261396645541, "full_name": "Chandler Catanzaro"}
{"Diff": 2.4201420396863433, "Points": 14.0, "Pred_points": 11.579857960313657, "full_name": "Stephen Gostkowski"}
{"Diff": 3.073287709618479, "Points": 7.0, "Pred_points": 3.926712290381521, "full_name": "Nick Folk"}
{"Diff": 3.1058113891726027, "Points": 1.0, "Pred_points": 4.105811389172603, "full_name": "Robbie Gould"}
{"Diff": 3.203965569217872, "Points": 10.0, "Pred_points": 6.796034430782128, "full_name": "Adam Vinatieri"}
{"Diff": 3.4557824496457195, "Points": 3.0, "Pred_points": -0.45578244964571946, "full_name": "Matt Bryant"}
{"Diff": 3.5955226457311698, "Points": 10.0, "Pred_points": 6.40447735426883, "full_name": "Kai Forbath"}
{"Diff": 4.076282652075009, "Points": 11.0, "Pred_points": 6.923717347924991, "full_name": "Matt Prater"}
{"Diff": 4.196754799715042, "Points": 0.0, "Pred_points": 4.196754799715042, "full_name": "Jordan Gay"}
{"Diff": 4.38034745159196, "Points": 12.0, "Pred_points": 7.61965254840804, "full_name": "Mason Crosby"}
{"Diff": 4.4741072224413685, "Points": 13.0, "Pred_points": 8.525892777558632, "full_name": "Billy Cundiff"}
{"Diff": 4.566984968770035, "Points": 0.0, "Pred_points": 4.566984968770035, "full_name": "Greg Zuerlein"}
{"Diff": 5.295057242563783, "Points": 12.0, "Pred_points": 6.704942757436217, "full_name": "Cairo Santos"}
{"Diff": 5.475117529928363, "Points": 10.0, "Pred_points": 4.524882470071637, "full_name": "Graham Gano"}
{"Diff": 5.4851202015896945, "Points": 14.0, "Pred_points": 8.514879798410306, "full_name": "Dan Carpenter"}
{"Diff": 5.612730470588149, "Points": 8.0, "Pred_points": 2.3872695294118507, "full_name": "Sebastian Janikowski"}
{"Diff": 6.33096916379882, "Points": 13.0, "Pred_points": 6.66903083620118, "full_name": "Randy Bullock"}
{"Diff": 6.394191910286031, "Points": 7.0, "Pred_points": 0.6058080897139694, "full_name": "Josh Scobee"}
{"Diff": 7.25535015370408, "Points": 9.0, "Pred_points": 1.7446498462959203, "full_name": "Mike Nugent"}
{"Diff": 7.775478958157777, "Points": 10.0, "Pred_points": 2.2245210418422228, "full_name": "Patrick Murray"}
{"Diff": 8.178037387627537, "Points": 10.0, "Pred_points": 1.8219626123724635, "full_name": "Cody Parkey"}
{"Diff": 9.206270300873653, "Points": 15.0, "Pred_points": 5.793729699126347, "full_name": "Justin Tucker"}
{"Diff": 9.734640477473324, "Points": 14.0, "Pred_points": 4.265359522526677, "full_name": "Shayne Graham"}
