{"Diff": 0.29376683681801197, "Points": 6.0, "Pred_points": 6.293766836818012, "full_name": "Justin Tucker"}
{"Diff": 0.5869926306405331, "Points": 7.0, "Pred_points": 7.586992630640533, "full_name": "Mike Nugent"}
{"Diff": 0.6601825816751017, "Points": 5.0, "Pred_points": 4.339817418324898, "full_name": "Josh Scobee"}
{"Diff": 0.8165213455772724, "Points": 4.0, "Pred_points": 4.816521345577272, "full_name": "Nick Folk"}
{"Diff": 1.095901052543578, "Points": 6.0, "Pred_points": 7.095901052543578, "full_name": "Josh Brown"}
{"Diff": 1.1223696497383173, "Points": 4.0, "Pred_points": 2.8776303502616827, "full_name": "Patrick Murray"}
{"Diff": 1.2843220709801848, "Points": 5.0, "Pred_points": 3.715677929019815, "full_name": "Sebastian Janikowski"}
{"Diff": 1.7894272965240159, "Points": 0.0, "Pred_points": 1.7894272965240159, "full_name": "Nick Novak"}
{"Diff": 1.8867103206532878, "Points": 2.0, "Pred_points": 3.886710320653288, "full_name": "Brandon McManus"}
{"Diff": 2.180343665861791, "Points": 11.0, "Pred_points": 8.819656334138209, "full_name": "Steven Hauschka"}
{"Diff": 2.4528469159966804, "Points": 4.0, "Pred_points": 6.45284691599668, "full_name": "Chandler Catanzaro"}
{"Diff": 2.5754637902527007, "Points": 8.0, "Pred_points": 5.424536209747299, "full_name": "Cody Parkey"}
{"Diff": 2.609016312616591, "Points": 6.0, "Pred_points": 8.60901631261659, "full_name": "Cairo Santos"}
{"Diff": 2.7852240918902567, "Points": 3.0, "Pred_points": 5.785224091890257, "full_name": "Blair Walsh"}
{"Diff": 2.892448982003425, "Points": 4.0, "Pred_points": 6.892448982003425, "full_name": "Graham Gano"}
{"Diff": 3.2746573025117693, "Points": 5.0, "Pred_points": 1.7253426974882307, "full_name": "Shaun Suisham"}
{"Diff": 3.4237139033363735, "Points": 7.0, "Pred_points": 3.5762860966636265, "full_name": "Greg Zuerlein"}
{"Diff": 3.4772646796231133, "Points": 4.0, "Pred_points": 7.477264679623113, "full_name": "Shayne Graham"}
{"Diff": 3.524478828959677, "Points": 5.0, "Pred_points": 1.4755211710403227, "full_name": "Dan Bailey"}
{"Diff": 3.5662698824179033, "Points": 3.0, "Pred_points": 6.566269882417903, "full_name": "Phil Dawson"}
{"Diff": 4.024327777352679, "Points": 12.0, "Pred_points": 7.975672222647321, "full_name": "Billy Cundiff"}
{"Diff": 5.013717287481914, "Points": 8.0, "Pred_points": 2.986282712518087, "full_name": "Kai Forbath"}
{"Diff": 6.896447634498491, "Points": 1.0, "Pred_points": 7.896447634498491, "full_name": "Randy Bullock"}
{"Diff": 8.470596102987086, "Points": 12.0, "Pred_points": 3.529403897012914, "full_name": "Caleb Sturgis"}
{"Diff": 10.410144365015785, "Points": 14.0, "Pred_points": 3.589855634984215, "full_name": "Stephen Gostkowski"}
{"Diff": 11.352113503078343, "Points": 19.0, "Pred_points": 7.647886496921657, "full_name": "Adam Vinatieri"}
