{"Diff": 0.25484157401671936, "Points": 8.0, "Pred_points": 7.745158425983281, "full_name": "Mason Crosby"}
{"Diff": 0.2837287414251488, "Points": 5.0, "Pred_points": 5.283728741425149, "full_name": "Ryan Succop"}
{"Diff": 0.3585446730341708, "Points": 6.0, "Pred_points": 6.358544673034171, "full_name": "Matt Prater"}
{"Diff": 0.6084450500466119, "Points": 9.0, "Pred_points": 9.608445050046612, "full_name": "Stephen Gostkowski"}
{"Diff": 0.7544874188838673, "Points": 7.0, "Pred_points": 7.754487418883867, "full_name": "Billy Cundiff"}
{"Diff": 0.9081454819676029, "Points": 8.0, "Pred_points": 7.091854518032397, "full_name": "Steven Hauschka"}
{"Diff": 0.9353338179896775, "Points": 2.0, "Pred_points": 1.0646661820103225, "full_name": "Robbie Gould"}
{"Diff": 0.9809105615759321, "Points": 5.0, "Pred_points": 4.019089438424068, "full_name": "Graham Gano"}
{"Diff": 1.1348923413186478, "Points": 8.0, "Pred_points": 6.865107658681352, "full_name": "Dan Bailey"}
{"Diff": 1.1809218933836907, "Points": 0.0, "Pred_points": -1.1809218933836907, "full_name": "Jordan Gay"}
{"Diff": 1.318975386216632, "Points": 7.0, "Pred_points": 8.318975386216632, "full_name": "Chandler Catanzaro"}
{"Diff": 1.4120125531075165, "Points": 4.0, "Pred_points": 2.5879874468924835, "full_name": "Phil Dawson"}
{"Diff": 1.6009902789779087, "Points": 9.0, "Pred_points": 7.399009721022091, "full_name": "Justin Tucker"}
{"Diff": 1.7409498366694232, "Points": 0.0, "Pred_points": 1.7409498366694232, "full_name": "Matt Bryant"}
{"Diff": 1.7933072770692275, "Points": 5.0, "Pred_points": 3.2066927229307725, "full_name": "Dan Carpenter"}
{"Diff": 2.301690703365721, "Points": 2.0, "Pred_points": 4.301690703365721, "full_name": "Greg Zuerlein"}
{"Diff": 2.3936049371466415, "Points": 6.0, "Pred_points": 3.6063950628533585, "full_name": "Brandon McManus"}
{"Diff": 3.083227074564629, "Points": 3.0, "Pred_points": 6.083227074564629, "full_name": "Josh Brown"}
{"Diff": 3.304156811929265, "Points": 6.0, "Pred_points": 2.695843188070735, "full_name": "Josh Scobee"}
{"Diff": 3.756284979619407, "Points": 9.0, "Pred_points": 5.243715020380593, "full_name": "Nick Novak"}
{"Diff": 3.973524283891056, "Points": 7.0, "Pred_points": 10.973524283891056, "full_name": "Caleb Sturgis"}
{"Diff": 4.779095165484598, "Points": 11.0, "Pred_points": 6.220904834515402, "full_name": "Adam Vinatieri"}
{"Diff": 5.224012649075673, "Points": 11.0, "Pred_points": 5.775987350924327, "full_name": "Randy Bullock"}
{"Diff": 6.351541146164676, "Points": 13.0, "Pred_points": 6.648458853835324, "full_name": "Kai Forbath"}
{"Diff": 7.85676769410315, "Points": 0.0, "Pred_points": 7.85676769410315, "full_name": "Mike Nugent"}
{"Diff": 9.07335102563089, "Points": 13.0, "Pred_points": 3.92664897436911, "full_name": "Blair Walsh"}
{"Diff": 9.180007434192843, "Points": 9.0, "Pred_points": -0.18000743419284393, "full_name": "Sebastian Janikowski"}
{"Diff": 9.193535283535851, "Points": 14.0, "Pred_points": 4.806464716464148, "full_name": "Shaun Suisham"}
{"Diff": 9.512776102688665, "Points": 14.0, "Pred_points": 4.487223897311336, "full_name": "Nick Folk"}
{"Diff": 9.868024316811141, "Points": 13.0, "Pred_points": 3.131975683188858, "full_name": "Cairo Santos"}
{"Diff": 12.220774477479658, "Points": 12.0, "Pred_points": -0.22077447747965817, "full_name": "Shayne Graham"}
