{"Diff": 0.19635540769534154, "Points": 4.0, "Pred_points": 3.8036445923046585, "full_name": "Robbie Gould"}
{"Diff": 0.4261681877829977, "Points": 4.0, "Pred_points": 4.426168187782998, "full_name": "Caleb Sturgis"}
{"Diff": 0.4803269397909782, "Points": 5.0, "Pred_points": 5.480326939790978, "full_name": "Matt Bryant"}
{"Diff": 0.6314798065735236, "Points": 3.0, "Pred_points": 3.6314798065735236, "full_name": "Steven Hauschka"}
{"Diff": 0.8870237556188281, "Points": 8.0, "Pred_points": 7.112976244381172, "full_name": "Billy Cundiff"}
{"Diff": 0.9466115077681234, "Points": 4.0, "Pred_points": 4.946611507768123, "full_name": "Josh Scobee"}
{"Diff": 1.103788543277945, "Points": 5.0, "Pred_points": 6.103788543277945, "full_name": "Ryan Succop"}
{"Diff": 1.2802359445671492, "Points": 10.0, "Pred_points": 8.71976405543285, "full_name": "Adam Vinatieri"}
{"Diff": 1.3352518975570389, "Points": 2.0, "Pred_points": 3.335251897557039, "full_name": "Sebastian Janikowski"}
{"Diff": 1.3907701248318818, "Points": 2.0, "Pred_points": 0.6092298751681182, "full_name": "Josh Brown"}
{"Diff": 1.6770276286129269, "Points": 6.0, "Pred_points": 4.322972371387073, "full_name": "Brandon McManus"}
{"Diff": 1.6896521764176402, "Points": 4.0, "Pred_points": 5.68965217641764, "full_name": "Patrick Murray"}
{"Diff": 2.2127198268000434, "Points": 6.0, "Pred_points": 3.7872801731999566, "full_name": "Shayne Graham"}
{"Diff": 2.4187233480673247, "Points": 5.0, "Pred_points": 2.5812766519326753, "full_name": "Cairo Santos"}
{"Diff": 2.5948776890975935, "Points": 8.0, "Pred_points": 10.594877689097594, "full_name": "Phil Dawson"}
{"Diff": 2.674766627582489, "Points": 0.0, "Pred_points": -2.674766627582489, "full_name": "Jordan Gay"}
{"Diff": 2.9023440323804266, "Points": 11.0, "Pred_points": 8.097655967619573, "full_name": "Cody Parkey"}
{"Diff": 3.6935024752531564, "Points": 12.0, "Pred_points": 8.306497524746844, "full_name": "Randy Bullock"}
{"Diff": 3.8384687538420454, "Points": 3.0, "Pred_points": 6.8384687538420454, "full_name": "Mike Nugent"}
{"Diff": 3.970873848267911, "Points": 8.0, "Pred_points": 4.029126151732089, "full_name": "Nick Folk"}
{"Diff": 4.050330167876341, "Points": 13.0, "Pred_points": 8.949669832123659, "full_name": "Mason Crosby"}
{"Diff": 4.594264936287962, "Points": 12.0, "Pred_points": 7.405735063712038, "full_name": "Kai Forbath"}
{"Diff": 4.783016321574824, "Points": 0.0, "Pred_points": 4.783016321574824, "full_name": "Blair Walsh"}
{"Diff": 5.200431628579648, "Points": 7.0, "Pred_points": 1.7995683714203523, "full_name": "Shaun Suisham"}
{"Diff": 6.482364709797563, "Points": 14.0, "Pred_points": 7.517635290202437, "full_name": "Greg Zuerlein"}
{"Diff": 7.706299737261502, "Points": 14.0, "Pred_points": 6.293700262738498, "full_name": "Justin Tucker"}
{"Diff": 8.214251340141622, "Points": 14.0, "Pred_points": 5.785748659858377, "full_name": "Chandler Catanzaro"}
{"Diff": 9.122942015067139, "Points": 13.0, "Pred_points": 3.877057984932862, "full_name": "Stephen Gostkowski"}
{"Diff": 10.178491903559042, "Points": 15.0, "Pred_points": 4.821508096440958, "full_name": "Nick Novak"}
{"Diff": 12.203657350746374, "Points": 19.0, "Pred_points": 6.796342649253626, "full_name": "Dan Bailey"}
{"Diff": 12.700411840419736, "Points": 12.0, "Pred_points": -0.7004118404197359, "full_name": "Graham Gano"}
{"Diff": 14.396235193416956, "Points": 16.0, "Pred_points": 1.6037648065830439, "full_name": "Dan Carpenter"}
