{"Diff": 0.12740970120045425, "Points": 4.0, "Pred_points": 4.127409701200454, "full_name": "Blair Walsh"}
{"Diff": 0.6597268715082167, "Points": 5.0, "Pred_points": 4.340273128491783, "full_name": "Kai Forbath"}
{"Diff": 0.689610901558563, "Points": 9.0, "Pred_points": 8.310389098441437, "full_name": "Justin Tucker"}
{"Diff": 0.7649714018131037, "Points": 6.0, "Pred_points": 6.764971401813104, "full_name": "Robbie Gould"}
{"Diff": 0.7778485014681422, "Points": 8.0, "Pred_points": 7.222151498531858, "full_name": "Cody Parkey"}
{"Diff": 0.9812444131982545, "Points": 4.0, "Pred_points": 4.9812444131982545, "full_name": "Mike Nugent"}
{"Diff": 1.0374606367967893, "Points": 4.0, "Pred_points": 2.9625393632032107, "full_name": "Ryan Succop"}
{"Diff": 1.0600158560186603, "Points": 8.0, "Pred_points": 6.93998414398134, "full_name": "Matt Bryant"}
{"Diff": 1.3591085800994795, "Points": 5.0, "Pred_points": 6.3591085800994795, "full_name": "Randy Bullock"}
{"Diff": 1.3957658113868998, "Points": 5.0, "Pred_points": 3.6042341886131, "full_name": "Mason Crosby"}
{"Diff": 1.4850772619803383, "Points": 8.0, "Pred_points": 6.514922738019662, "full_name": "Patrick Murray"}
{"Diff": 1.6897446194369898, "Points": 7.0, "Pred_points": 8.68974461943699, "full_name": "Nick Novak"}
{"Diff": 1.8560046772545915, "Points": 6.0, "Pred_points": 4.1439953227454085, "full_name": "Cairo Santos"}
{"Diff": 2.9001601814758153, "Points": 8.0, "Pred_points": 5.099839818524185, "full_name": "Dan Bailey"}
{"Diff": 2.981752938034044, "Points": 0.0, "Pred_points": 2.981752938034044, "full_name": "Nick Folk"}
{"Diff": 3.2481994850025595, "Points": 10.0, "Pred_points": 6.7518005149974405, "full_name": "Billy Cundiff"}
{"Diff": 3.444505045955985, "Points": 7.0, "Pred_points": 10.444505045955985, "full_name": "Graham Gano"}
{"Diff": 3.693655164710729, "Points": 4.0, "Pred_points": 7.693655164710729, "full_name": "Greg Zuerlein"}
{"Diff": 3.698056143938219, "Points": 4.0, "Pred_points": 7.698056143938219, "full_name": "Shaun Suisham"}
{"Diff": 4.042825116597296, "Points": 12.0, "Pred_points": 7.957174883402704, "full_name": "Shayne Graham"}
{"Diff": 4.486100259417648, "Points": -2.0, "Pred_points": 2.486100259417648, "full_name": "Alex Henery"}
{"Diff": 4.659561570771228, "Points": 0.0, "Pred_points": -4.659561570771228, "full_name": "Jordan Gay"}
{"Diff": 4.712612600702063, "Points": 11.0, "Pred_points": 6.287387399297937, "full_name": "Steven Hauschka"}
{"Diff": 5.288545484897114, "Points": 10.0, "Pred_points": 4.711454515102886, "full_name": "Josh Scobee"}
{"Diff": 5.450416779868182, "Points": 8.0, "Pred_points": 2.549583220131818, "full_name": "Adam Vinatieri"}
{"Diff": 6.320199339286134, "Points": 9.0, "Pred_points": 2.6798006607138656, "full_name": "Chandler Catanzaro"}
{"Diff": 8.583846002101193, "Points": 15.0, "Pred_points": 6.416153997898806, "full_name": "Josh Brown"}
{"Diff": 11.254213298834697, "Points": 11.0, "Pred_points": -0.2542132988346978, "full_name": "Dan Carpenter"}
{"Diff": 11.47820767560698, "Points": 12.0, "Pred_points": 0.5217923243930204, "full_name": "Brandon McManus"}
{"Diff": 14.054774924062908, "Points": 20.0, "Pred_points": 5.945225075937093, "full_name": "Stephen Gostkowski"}
{"Diff": 15.111777643503729, "Points": 20.0, "Pred_points": 4.888222356496272, "full_name": "Phil Dawson"}
