{"Diff": 0.23251187432707265, "Points": 2.0, "Pred_points": 2.2325118743270727, "full_name": "Robbie Gould"}
{"Diff": 0.3735900261008567, "Points": 8.0, "Pred_points": 8.373590026100857, "full_name": "Nick Novak"}
{"Diff": 0.5109134154879342, "Points": 8.0, "Pred_points": 8.510913415487934, "full_name": "Mason Crosby"}
{"Diff": 0.9062718049907765, "Points": 6.0, "Pred_points": 5.0937281950092235, "full_name": "Ryan Succop"}
{"Diff": 1.2827956539214762, "Points": 6.0, "Pred_points": 4.717204346078524, "full_name": "Cairo Santos"}
{"Diff": 1.2916041017409867, "Points": 5.0, "Pred_points": 3.7083958982590133, "full_name": "Josh Brown"}
{"Diff": 1.4547089436238023, "Points": 4.0, "Pred_points": 5.454708943623802, "full_name": "Shayne Graham"}
{"Diff": 2.194586962321484, "Points": 9.0, "Pred_points": 6.805413037678516, "full_name": "Shaun Suisham"}
{"Diff": 2.567799937334601, "Points": 2.0, "Pred_points": -0.567799937334601, "full_name": "Chandler Catanzaro"}
{"Diff": 2.5679274971237716, "Points": 8.0, "Pred_points": 5.4320725028762284, "full_name": "Steven Hauschka"}
{"Diff": 2.653491287354715, "Points": 8.0, "Pred_points": 10.653491287354715, "full_name": "Blair Walsh"}
{"Diff": 2.672161551636176, "Points": 6.0, "Pred_points": 8.672161551636176, "full_name": "Stephen Gostkowski"}
{"Diff": 2.681336816279088, "Points": 8.0, "Pred_points": 5.318663183720912, "full_name": "Patrick Murray"}
{"Diff": 2.6859996570869247, "Points": 0.0, "Pred_points": -2.6859996570869247, "full_name": "Jordan Gay"}
{"Diff": 2.8522652880549924, "Points": 10.0, "Pred_points": 7.147734711945008, "full_name": "Mike Nugent"}
{"Diff": 3.258621579624931, "Points": 8.0, "Pred_points": 4.741378420375069, "full_name": "Cody Parkey"}
{"Diff": 3.4467753683419327, "Points": 8.0, "Pred_points": 4.553224631658067, "full_name": "Caleb Sturgis"}
{"Diff": 3.5704473950552478, "Points": 3.0, "Pred_points": 6.570447395055248, "full_name": "Graham Gano"}
{"Diff": 4.2792345170236, "Points": 10.0, "Pred_points": 5.7207654829764, "full_name": "Adam Vinatieri"}
{"Diff": 4.4214899994523815, "Points": 11.0, "Pred_points": 6.5785100005476185, "full_name": "Phil Dawson"}
{"Diff": 4.891554393327341, "Points": 1.0, "Pred_points": 5.891554393327341, "full_name": "Brandon McManus"}
{"Diff": 4.980028436148452, "Points": 0.0, "Pred_points": 4.980028436148452, "full_name": "Billy Cundiff"}
{"Diff": 5.258786970385705, "Points": 7.0, "Pred_points": 1.7412130296142956, "full_name": "Sebastian Janikowski"}
{"Diff": 6.901926956684942, "Points": 8.0, "Pred_points": 1.0980730433150572, "full_name": "Matt Prater"}
{"Diff": 7.258491525527746, "Points": 9.0, "Pred_points": 1.7415084744722542, "full_name": "Dan Carpenter"}
{"Diff": 7.59896026046911, "Points": 15.0, "Pred_points": 7.40103973953089, "full_name": "Matt Bryant"}
{"Diff": 8.80227572570752, "Points": -1.0, "Pred_points": 7.80227572570752, "full_name": "Kai Forbath"}
{"Diff": 9.477360001158996, "Points": 13.0, "Pred_points": 3.522639998841004, "full_name": "Randy Bullock"}
{"Diff": 17.863994351880063, "Points": 20.0, "Pred_points": 2.1360056481199376, "full_name": "Greg Zuerlein"}
