{"Diff": 0.09598853363543292, "Points": 11.0, "Pred_points": 10.904011466364567, "full_name": "Matt Bryant"}
{"Diff": 0.4037506176176562, "Points": 4.0, "Pred_points": 3.596249382382344, "full_name": "Shaun Suisham"}
{"Diff": 0.4056488611658535, "Points": 6.0, "Pred_points": 6.4056488611658535, "full_name": "Robbie Gould"}
{"Diff": 0.5129527670760449, "Points": 0.0, "Pred_points": 0.5129527670760449, "full_name": "Jordan Gay"}
{"Diff": 1.0644167441752164, "Points": 3.0, "Pred_points": 1.9355832558247836, "full_name": "Sebastian Janikowski"}
{"Diff": 1.1183395715357136, "Points": 5.0, "Pred_points": 3.8816604284642864, "full_name": "Greg Zuerlein"}
{"Diff": 1.2228033710338435, "Points": 8.0, "Pred_points": 6.7771966289661565, "full_name": "Phil Dawson"}
{"Diff": 1.655461547180348, "Points": 7.0, "Pred_points": 8.655461547180348, "full_name": "Nick Novak"}
{"Diff": 1.7212386164606288, "Points": 5.0, "Pred_points": 3.278761383539371, "full_name": "Matt Prater"}
{"Diff": 1.9543545638653246, "Points": 6.0, "Pred_points": 7.954354563865325, "full_name": "Brandon McManus"}
{"Diff": 2.0621454172987477, "Points": 8.0, "Pred_points": 5.937854582701252, "full_name": "Billy Cundiff"}
{"Diff": 2.430391653051844, "Points": 7.0, "Pred_points": 4.569608346948156, "full_name": "Caleb Sturgis"}
{"Diff": 2.6032429257767364, "Points": 5.0, "Pred_points": 2.3967570742232636, "full_name": "Nick Folk"}
{"Diff": 2.955178665584974, "Points": 2.0, "Pred_points": 4.955178665584974, "full_name": "Dan Carpenter"}
{"Diff": 3.0726583427794, "Points": 10.0, "Pred_points": 6.9273416572206, "full_name": "Cody Parkey"}
{"Diff": 3.237836009345102, "Points": 9.0, "Pred_points": 5.762163990654898, "full_name": "Adam Vinatieri"}
{"Diff": 3.984450109992464, "Points": 11.0, "Pred_points": 7.015549890007536, "full_name": "Ryan Succop"}
{"Diff": 4.17066429447739, "Points": 11.0, "Pred_points": 6.82933570552261, "full_name": "Steven Hauschka"}
{"Diff": 4.20125734806025, "Points": 5.0, "Pred_points": 0.7987426519397497, "full_name": "Patrick Murray"}
{"Diff": 4.411365218198802, "Points": 4.0, "Pred_points": -0.4113652181988022, "full_name": "Blair Walsh"}
{"Diff": 4.557834791580444, "Points": 13.0, "Pred_points": 8.442165208419556, "full_name": "Justin Tucker"}
{"Diff": 4.813313356184745, "Points": 1.0, "Pred_points": 5.813313356184745, "full_name": "Josh Scobee"}
{"Diff": 5.619154072460664, "Points": 2.0, "Pred_points": 7.619154072460664, "full_name": "Randy Bullock"}
{"Diff": 6.107562507230531, "Points": 12.0, "Pred_points": 5.892437492769469, "full_name": "Chandler Catanzaro"}
{"Diff": 6.682664052628328, "Points": 14.0, "Pred_points": 7.317335947371672, "full_name": "Mike Nugent"}
{"Diff": 7.574069419941802, "Points": 0.0, "Pred_points": 7.574069419941802, "full_name": "Josh Brown"}
{"Diff": 7.830475052970947, "Points": 10.0, "Pred_points": 2.169524947029054, "full_name": "Mason Crosby"}
{"Diff": 7.8986543842481, "Points": 13.0, "Pred_points": 5.1013456157519, "full_name": "Graham Gano"}
{"Diff": 7.913150891982655, "Points": 9.0, "Pred_points": 1.0868491080173455, "full_name": "Kai Forbath"}
{"Diff": 10.106258807389679, "Points": 15.0, "Pred_points": 4.893741192610321, "full_name": "Dan Bailey"}
{"Diff": 11.004892760070545, "Points": 16.0, "Pred_points": 4.995107239929455, "full_name": "Stephen Gostkowski"}
