{"Diff": 0.3651169768134448, "Points": 7.0, "Pred_points": 7.365116976813445, "full_name": "Brandon McManus"}
{"Diff": 0.5906079990903033, "Points": 7.0, "Pred_points": 7.590607999090303, "full_name": "Graham Gano"}
{"Diff": 0.6701389029933225, "Points": 5.0, "Pred_points": 4.3298610970066775, "full_name": "Dan Bailey"}
{"Diff": 0.7987000201575558, "Points": 9.0, "Pred_points": 8.201299979842444, "full_name": "Nick Folk"}
{"Diff": 0.8427786851863921, "Points": 5.0, "Pred_points": 5.842778685186392, "full_name": "Randy Bullock"}
{"Diff": 1.3004301438008259, "Points": 4.0, "Pred_points": 5.300430143800826, "full_name": "Mason Crosby"}
{"Diff": 1.9424964825036692, "Points": 11.0, "Pred_points": 9.05750351749633, "full_name": "Cody Parkey"}
{"Diff": 2.085802038676917, "Points": 13.0, "Pred_points": 10.914197961323083, "full_name": "Dan Carpenter"}
{"Diff": 2.474510625719723, "Points": 6.0, "Pred_points": 3.525489374280277, "full_name": "Adam Vinatieri"}
{"Diff": 2.706544768396415, "Points": 3.0, "Pred_points": 5.706544768396415, "full_name": "Justin Tucker"}
{"Diff": 2.8672303142979425, "Points": 4.0, "Pred_points": 6.8672303142979425, "full_name": "Josh Scobee"}
{"Diff": 2.8784861382755045, "Points": 2.0, "Pred_points": -0.8784861382755046, "full_name": "Josh Brown"}
{"Diff": 3.1828558780522123, "Points": 9.0, "Pred_points": 5.817144121947788, "full_name": "Billy Cundiff"}
{"Diff": 3.5321466961527124, "Points": 5.0, "Pred_points": 1.4678533038472878, "full_name": "Nick Novak"}
{"Diff": 3.5379262723122684, "Points": 7.0, "Pred_points": 3.4620737276877316, "full_name": "Chandler Catanzaro"}
{"Diff": 4.311063007094752, "Points": 3.0, "Pred_points": 7.311063007094752, "full_name": "Cairo Santos"}
{"Diff": 4.462483246779857, "Points": 2.0, "Pred_points": 6.462483246779857, "full_name": "Phil Dawson"}
{"Diff": 4.95922407200808, "Points": 12.0, "Pred_points": 7.04077592799192, "full_name": "Shayne Graham"}
{"Diff": 5.0917109062118335, "Points": 2.0, "Pred_points": 7.0917109062118335, "full_name": "Sebastian Janikowski"}
{"Diff": 5.178577239676303, "Points": 8.0, "Pred_points": 2.821422760323698, "full_name": "Greg Zuerlein"}
{"Diff": 5.24540632225833, "Points": 2.0, "Pred_points": 7.24540632225833, "full_name": "Patrick Murray"}
{"Diff": 5.481700564865605, "Points": 10.0, "Pred_points": 4.518299435134395, "full_name": "Steven Hauschka"}
{"Diff": 5.495744795429994, "Points": 9.0, "Pred_points": 3.504255204570006, "full_name": "Robbie Gould"}
{"Diff": 5.554073690314114, "Points": 12.0, "Pred_points": 6.445926309685886, "full_name": "Blair Walsh"}
{"Diff": 5.701164729723516, "Points": -1.0, "Pred_points": 4.701164729723516, "full_name": "Kai Forbath"}
{"Diff": 7.128271812501923, "Points": 0.0, "Pred_points": 7.128271812501923, "full_name": "Jordan Gay"}
{"Diff": 7.643703050878688, "Points": 10.0, "Pred_points": 2.3562969491213113, "full_name": "Stephen Gostkowski"}
{"Diff": 9.37904384610708, "Points": 13.0, "Pred_points": 3.6209561538929194, "full_name": "Shaun Suisham"}
{"Diff": 10.47659603215715, "Points": 15.0, "Pred_points": 4.5234039678428495, "full_name": "Caleb Sturgis"}
{"Diff": 10.606945729089823, "Points": 18.0, "Pred_points": 7.393054270910176, "full_name": "Matt Bryant"}
{"Diff": 11.534028044686085, "Points": 16.0, "Pred_points": 4.465971955313916, "full_name": "Ryan Succop"}
{"Diff": 14.310575763474555, "Points": 16.0, "Pred_points": 1.6894242365254453, "full_name": "Mike Nugent"}
