{"Diff": 0.06250420949101687, "Points": 1.0, "Pred_points": 0.9374957905089831, "full_name": "Ryan Succop"}
{"Diff": 0.21484685454480523, "Points": 8.0, "Pred_points": 7.785153145455195, "full_name": "Dan Bailey"}
{"Diff": 0.3655569975200521, "Points": 4.0, "Pred_points": 3.634443002479948, "full_name": "Mike Nugent"}
{"Diff": 0.41259180424990305, "Points": 5.0, "Pred_points": 5.412591804249903, "full_name": "Billy Cundiff"}
{"Diff": 0.44528304242960104, "Points": 8.0, "Pred_points": 8.445283042429601, "full_name": "Shaun Suisham"}
{"Diff": 0.7154555563422585, "Points": 0.0, "Pred_points": 0.7154555563422585, "full_name": "Jordan Gay"}
{"Diff": 0.7353525324258445, "Points": 5.0, "Pred_points": 4.2646474675741555, "full_name": "Cairo Santos"}
{"Diff": 0.81024890759066, "Points": 7.0, "Pred_points": 7.81024890759066, "full_name": "Cody Parkey"}
{"Diff": 0.8442915219328784, "Points": 7.0, "Pred_points": 6.155708478067122, "full_name": "Patrick Murray"}
{"Diff": 0.9712055417938723, "Points": 8.0, "Pred_points": 7.028794458206128, "full_name": "Steven Hauschka"}
{"Diff": 1.2555602287865124, "Points": 2.0, "Pred_points": 0.7444397712134876, "full_name": "Greg Zuerlein"}
{"Diff": 1.3214389328284835, "Points": 7.0, "Pred_points": 5.6785610671715165, "full_name": "Nick Folk"}
{"Diff": 1.3855358360287724, "Points": 2.0, "Pred_points": 3.3855358360287724, "full_name": "Robbie Gould"}
{"Diff": 1.606082930487423, "Points": 5.0, "Pred_points": 6.606082930487423, "full_name": "Chandler Catanzaro"}
{"Diff": 1.8177640430714055, "Points": 6.0, "Pred_points": 4.1822359569285945, "full_name": "Josh Brown"}
{"Diff": 1.871412786770117, "Points": 7.0, "Pred_points": 5.128587213229883, "full_name": "Dan Carpenter"}
{"Diff": 2.5667221570692247, "Points": 7.0, "Pred_points": 4.433277842930775, "full_name": "Shayne Graham"}
{"Diff": 2.7226586470876732, "Points": 14.0, "Pred_points": 11.277341352912327, "full_name": "Mason Crosby"}
{"Diff": 3.2294312815874244, "Points": 10.0, "Pred_points": 6.770568718412576, "full_name": "Phil Dawson"}
{"Diff": 3.7220494355350624, "Points": 11.0, "Pred_points": 7.277950564464938, "full_name": "Brandon McManus"}
{"Diff": 4.02034978578159, "Points": 3.0, "Pred_points": 7.02034978578159, "full_name": "Justin Tucker"}
{"Diff": 4.4973611029356615, "Points": 1.0, "Pred_points": 5.4973611029356615, "full_name": "Josh Scobee"}
{"Diff": 4.643011811484077, "Points": 3.0, "Pred_points": 7.643011811484077, "full_name": "Graham Gano"}
{"Diff": 4.647271134810547, "Points": 6.0, "Pred_points": 1.352728865189453, "full_name": "Sebastian Janikowski"}
{"Diff": 7.0999091036609006, "Points": 15.0, "Pred_points": 7.9000908963390994, "full_name": "Matt Bryant"}
{"Diff": 7.27468247864611, "Points": 9.0, "Pred_points": 1.7253175213538898, "full_name": "Matt Prater"}
{"Diff": 11.970652011234343, "Points": 12.0, "Pred_points": 0.029347988765657695, "full_name": "Caleb Sturgis"}
