{"Diff": 0.050309244590848845, "Points": 4.0, "Pred_points": 3.949690755409151, "full_name": "Brandon McManus"}
{"Diff": 0.1311868208675211, "Points": 6.0, "Pred_points": 6.131186820867521, "full_name": "Greg Zuerlein"}
{"Diff": 0.16221801235306055, "Points": 1.0, "Pred_points": 1.1622180123530605, "full_name": "Phil Dawson"}
{"Diff": 0.18141403079750162, "Points": 7.0, "Pred_points": 6.818585969202498, "full_name": "Mike Nugent"}
{"Diff": 0.6676765460342509, "Points": 10.0, "Pred_points": 9.33232345396575, "full_name": "Stephen Gostkowski"}
{"Diff": 0.7676790348117271, "Points": 6.0, "Pred_points": 6.767679034811727, "full_name": "Josh Scobee"}
{"Diff": 0.816688184207494, "Points": 1.0, "Pred_points": 1.816688184207494, "full_name": "Billy Cundiff"}
{"Diff": 0.8434412149118311, "Points": 1.0, "Pred_points": 0.15655878508816884, "full_name": "Mason Crosby"}
{"Diff": 1.0572773923671948, "Points": 9.0, "Pred_points": 7.942722607632805, "full_name": "Robbie Gould"}
{"Diff": 1.1010033228270464, "Points": 0.0, "Pred_points": -1.1010033228270464, "full_name": "Jordan Gay"}
{"Diff": 1.5699086075585962, "Points": 5.0, "Pred_points": 6.569908607558596, "full_name": "Randy Bullock"}
{"Diff": 1.5904222083845783, "Points": 5.0, "Pred_points": 3.4095777916154217, "full_name": "Dan Carpenter"}
{"Diff": 2.291886516423753, "Points": 1.0, "Pred_points": 3.291886516423753, "full_name": "Shayne Graham"}
{"Diff": 2.385114700732828, "Points": 4.0, "Pred_points": 1.614885299267172, "full_name": "Cairo Santos"}
{"Diff": 2.808983368848385, "Points": 8.0, "Pred_points": 5.191016631151615, "full_name": "Caleb Sturgis"}
{"Diff": 3.053258755069068, "Points": 5.0, "Pred_points": 8.053258755069068, "full_name": "Matt Bryant"}
{"Diff": 3.080761983747937, "Points": 10.0, "Pred_points": 6.919238016252063, "full_name": "Dan Bailey"}
{"Diff": 3.1571215460920596, "Points": 10.0, "Pred_points": 6.84287845390794, "full_name": "Blair Walsh"}
{"Diff": 3.165125576802719, "Points": 11.0, "Pred_points": 7.834874423197281, "full_name": "Kai Forbath"}
{"Diff": 3.305863017652312, "Points": 9.0, "Pred_points": 5.694136982347688, "full_name": "Graham Gano"}
{"Diff": 3.634424110146554, "Points": 8.0, "Pred_points": 4.365575889853446, "full_name": "Nick Novak"}
{"Diff": 3.930584319341194, "Points": 7.0, "Pred_points": 3.069415680658806, "full_name": "Steven Hauschka"}
{"Diff": 4.46099009870937, "Points": 15.0, "Pred_points": 10.53900990129063, "full_name": "Nick Folk"}
{"Diff": 5.206614005552579, "Points": 1.0, "Pred_points": 6.206614005552579, "full_name": "Patrick Murray"}
{"Diff": 5.733182652886116, "Points": -1.0, "Pred_points": 4.733182652886116, "full_name": "Ryan Succop"}
{"Diff": 6.457543605115326, "Points": 15.0, "Pred_points": 8.542456394884674, "full_name": "Adam Vinatieri"}
{"Diff": 6.744200897612465, "Points": 14.0, "Pred_points": 7.255799102387535, "full_name": "Shaun Suisham"}
{"Diff": 6.836980094714675, "Points": 11.0, "Pred_points": 4.163019905285325, "full_name": "Justin Tucker"}
{"Diff": 7.657592267338676, "Points": 11.0, "Pred_points": 3.342407732661324, "full_name": "Sebastian Janikowski"}
{"Diff": 7.9214596290654615, "Points": 12.0, "Pred_points": 4.0785403709345385, "full_name": "Josh Brown"}
{"Diff": 8.36231306680526, "Points": 15.0, "Pred_points": 6.63768693319474, "full_name": "Cody Parkey"}
{"Diff": 9.466285758499541, "Points": 13.0, "Pred_points": 3.5337142415004594, "full_name": "Chandler Catanzaro"}
